Article_DOI,Firstauthor_Year,Journal_Title,Publication_Year,Study_Country,Study_Design,Species_tree,Species,Movement_category,Response_measured,Response_description,Subgroup_description,B_data_collection_season,A_data_collection_season,C_data_collection_season,I_data_collection_season,Tracking_method,Impact_fire_type,Impact_fire_size_ha,Maximum_treatment_burn_age_days,Data_source,Mean_Fire,Upper_Fire,Lower_Fire,Mean_Unburned,Upper_Unburned,Lower_Unburned,CI_Type,Burned_n,Unburned_n,ReptTraits.Max_body_mass_g,AvoNet.Mean_mass_g,BodyMass.g,Phy.body_mass_g,BodyMassComments,biome_no,biome_name,class_ncbi
NA,Flaherty2020,Herpetological Conservation and Biology,2020,United States of America,CI,Agkistrodon_contortrix,Agkistrodon contortrix,Home range,Home range size,"Mean home range size, estimated using 95% fixed kernel density",Males,NA,NA,Spring/Summer/Fall mid May- early October,Spring/Summer/Fall mid May- early October,VHF,Planned,1000,3103,"Means, sample size, SEM and mean tracking period calculated from data in Table 3. Pg 155.",11.6,14.3,8.9,22.6,28,17.2,SE,6,12,1248.2,NA,1248.2,NA,,4,Temperate broadleaf and mixed forests,Lepidosauria
NA,Flaherty2020,Herpetological Conservation and Biology,2020,United States of America,CI,Agkistrodon_contortrix,Agkistrodon contortrix,Linear Distance,Daily distance moved,"Mean daily distance moved. Calculates as ""as the
distance between relocations divided by the number
of days elapsed between relocations"" pg. 152",Males,NA,NA,Spring/Summer/Fall mid May- early October,Spring/Summer/Fall mid May- early October,VHF,Planned,1000,3103,"Means, sample size, SEM and mean tracking period calculated from data in Table 3. Pg 155.",16,19.3,12.7,15.5,17.3,13.7,SE,6,12,1248.2,NA,1248.2,NA,,4,Temperate broadleaf and mixed forests,Lepidosauria
10.1111/j.1557-9263.2007.00113.x,Cox2007,Journal of Field Ornithology,2007,United States of America,CI,Peucaea_aestivalis,Aimophila aestivalis,Home range,Home range size,"Mean home range size,  quantified using 95% fixed kernel. GPS locations used in home range analysis determined by searching for banded individuals.",Males,NA,NA,Spring/summer,Spring/summer,visual,Planned,Not provided,122,"Paragraph 1 of results, pg 266",1.9,3.5,0.3,2.1,3.2,1,SD,23,17,NA,NA,18.8,NA,"Winiarski, J.M., Moorman, C.E. and Carpenter, J.P. (2017), Bachman's Sparrows at the northern periphery of their range: home range size and microhabitat selection. J. Field Ornithol., 88: 250-261. https://doi-org.ezproxy.csu.edu.au/10.1111/jofo.12215; Gonzembach, Hans & Wolverton, Heather & Anderson, Rindy. (2022). BA-BA-BACHMAN'S: A NOTE ON SONG PRODUCTION IN JUVENILE BACHMAN'S SPARROWS (Peucaea aestivalis). Florida Field Naturalist 50(3):70–81",5,Temperate coniferous forests,Aves
10.1007/s13364-014-0184-y,Venter2014,Acta Theriologica,2014,South Africa,CI,Alcelaphus_caama,Alcelaphus buselaphus camaa,Other space use,Mean time spent in habitat type,Mean time spent in habitat type,Males and females,NA,NA,All seasons,All seasons,VHF,Planned,Not provided,1673,"Figure 2, pg. 461",673.2,712.2,634.2,338.4,396.6,280.2,CI,7,7,NA,NA,171001.5,NA,From Alcelaphus_buselaphus Phylacine,1,Tropical and subtropical moist broadleaf forests,Mammalia
10.1007/s13364-014-0184-y,Venter2014,Acta Theriologica,2014,South Africa,CI,Alcelaphus_caama,Alcelaphus buselaphus camaa,Linear distance,Mean speed (m/hr),Mean speed (m/hr),Males and females,NA,NA,All seasons,All seasons,VHF,Planned,Not provided,1673,"Figure 2, pg. 461",453.66,504.53,402.79,474.56,545.64,403.48,CI,7,7,NA,NA,171001.5,NA,From Alcelaphus_buselaphus Phylacine,1,Tropical and subtropical moist broadleaf forests,Mammalia
10.5962/p.355397,Gasaway1985,Canadian Field-Naturalist,1985,United States of America,BA,Alces_alces,Alces alces,Other space use,Percentage of relocations,Percentage of relocations outside the burn perimeter,Unknown,Spring/Summer,Spring/Summer,NA,NA,VHF,Wildfire,Not provided,122,"Table 1, pg. 136",0.42,0.497,0.343,0.57,0.656,0.484,SE,48,68,NA,NA,356998,356998,,6,Boreal forests/taiga,Mammalia
10.5962/p.355397,Gasaway1985,Canadian Field-Naturalist,1985,United States of America,BA,Alces_alces,Alces alces,Other space use,Percentage of home range area outside burn perimeter,Mean percentage of home range outside the burn perimeter before and after fire,Unknown,Spring/Summer,Spring/Summer,NA,NA,VHF,Wildfire,Not provided,152,"Para 1 of results, pg. 137",0.53,0.69,0.37,0.258,0.383,0.133,SE,7,11,NA,NA,356998,356998,,6,Boreal forests/taiga,Mammalia
10.1139/z89-047,Gasaway1989,Canadian Journal of Zoology,1989,United States of America,BA,Alces_alces,Alces alces,Other space use,Percentage of fixes within fire perimeter,Percentage of fixes within fire perimeter,Not provided,Spring,Spring,NA,NA,VHF,Wildfire,50000,1764,"Table 2, pg.327",0.23,0.45,0.01,0.1,0.26,-0.06,SD,6,6,NA,NA,356998,356998,,6,Boreal forests/taiga,Mammalia
10.1139/z89-047,Gasaway1989,Canadian Journal of Zoology,1989,United States of America,BA,Alces_alces,Alces alces,Other space use,Percentage of fixes within fire perimeter,Percentage of fixes within fire perimeter,Not provided,Summer,Summer,NA,NA,VHF,Wildfire,50000,1764,"Table 2, pg.327",0.41,0.65,0.17,0,0,0,SD,6,6,NA,NA,356998,356998,,6,Boreal forests/taiga,Mammalia
10.1139/z89-047,Gasaway1989,Canadian Journal of Zoology,1989,United States of America,BA,Alces_alces,Alces alces,Other space use,Percentage of fixes within fire perimeter,Percentage of fixes within fire perimeter,Not provided,Summer/Spring,Summer/Spring,NA,NA,VHF,Wildfire,50000,1764,"Table 2, pg.327",0.55,0.64,0.46,0.17,0.188,0.152,SD,6,6,NA,NA,356998,356998,,6,Boreal forests/taiga,Mammalia
10.1139/z89-047,Gasaway1989,Canadian Journal of Zoology,1989,United States of America,BA,Alces_alces,Alces alces,Other space use,Percentage of fixes within fire perimeter,Percentage of fixes within fire perimeter,Not provided,Autumn,Autumn,NA,NA,VHF,Wildfire,50000,1764,"Table 2, pg.327",0.08,0.2,-0.04,0,0,0,SD,6,6,NA,NA,356998,356998,,6,Boreal forests/taiga,Mammalia
10.1139/z89-047,Gasaway1989,Canadian Journal of Zoology,1989,United States of America,BA,Alces_alces,Alces alces,Other space use,Percentage of fixes within fire perimeter,Percentage of fixes within fire perimeter,Not provided,Winter,Winter,NA,NA,VHF,Wildfire,50000,1764,"Table 2, pg.327",0.07,0.23,-0.09,0,0,0,SD,6,6,NA,NA,356998,356998,,6,Boreal forests/taiga,Mammalia
10.1139/z89-047,Gasaway1989,Canadian Journal of Zoology,1989,United States of America,BA,Alces_alces,Alces alces,Other space use,Percentage of fixes within fire perimeter,Percentage of fixes within fire perimeter,Not provided,Winter/Spring,Winter/Spring,NA,NA,VHF,Wildfire,50000,1764,"Table 2, pg.327",0.1,0.23,-0.03,0.02,0.04,0,SD,6,6,NA,NA,356998,356998,,6,Boreal forests/taiga,Mammalia
10.1016/j.foreco.2013.08.032,Pitt2013,Forest Ecology and Management,2013,United States of America,CI,Anaxyrus_americanus,Anaxyrus americanus,Linear Distance,Total distance moved,"Total distance moved, as the distance between locations",Males and females,NA,NA,Winter/Spring,Winter/Spring,VHF,Planned,Not provided,122,"Table 1, pg. 294",457.75,617.23,298.27,1243,1569.74,916.26,SE,12,5,NA,NA,118.7,NA,From AmphBIO,4,Temperate broadleaf and mixed forests,Amphibia
NA,Lee2012,Journal of Animal and Veterinary Advances,2012,South Korea,CI,Apodemus_peninsulae,Apodemus peninsulae,Home range,Home range size,"Home range size, 95% minimum convex polygon",Males and females,NA,NA,Autumn,Autumn,VHF,Unclear,Not provided,3407,"Table 4, pg. 3837",0.9152,1.1723,0.6581,0.1658,0.168872,0.1359,SE,6,5,NA,NA,32.9,32.9,,4,Temperate broadleaf and mixed forests,Mammalia
NA,Lee2012,Journal of Animal and Veterinary Advances,2012,South Korea,CI,Apodemus_peninsulae,Apodemus peninsulae,Home range,Home range size,"Home range size, 95% minimum convex polygon",Males and females,NA,NA,Winter,Winter,VHF,Unclear,Not provided,3407,"Table 4, pg. 3837",0.147825,0.1891586,0.1064914,0.012585,0.015657,0.009513,SE,6,6,NA,NA,32.9,32.9,,4,Temperate broadleaf and mixed forests,Mammalia
NA,Lee2012,Journal of Animal and Veterinary Advances,2012,South Korea,CI,Apodemus_peninsulae,Apodemus peninsulae,Home range,Home range size,"Home range size, 95% minimum convex polygon",Males and females,NA,NA,Spring,Spring,VHF,Unclear,Not provided,3407,"Table 4, pg. 3837",0.725925,0.946553,0.505297,0.201409,0.243279,0.159539,SE,6,6,NA,NA,32.9,32.9,,4,Temperate broadleaf and mixed forests,Mammalia
NA,Lee2012,Journal of Animal and Veterinary Advances,2012,South Korea,CI,Apodemus_peninsulae,Apodemus peninsulae,Home range,Home range size,"Home range size, 95% minimum convex polygon",Males and females,NA,NA,Summer,Summer,VHF,Unclear,Not provided,3407,"Table 4, pg. 3837",0.382525,0.501335,0.263715,0.092124,0.113844,0.070404,SE,5,5,NA,NA,32.9,32.9,,4,Temperate broadleaf and mixed forests,Mammalia
NA,Lee2012,Journal of Animal and Veterinary Advances,2012,South Korea,CI,Apodemus_peninsulae,Apodemus peninsulae,Linear distance,Movement distance (m/hour),Movement distance (m/hour),Males and females,NA,NA,Autumn,Autumn,VHF,Unclear,Not provided,3407,"Table 2, pg. 3836",48.28,2619.28,-2522.72,12.2,14.65,9.75,SE,6,5,NA,NA,32.9,32.9,,4,Temperate broadleaf and mixed forests,Mammalia
NA,Lee2012,Journal of Animal and Veterinary Advances,2012,South Korea,CI,Apodemus_peninsulae,Apodemus peninsulae,Linear distance,Movement distance (m/hour),Movement distance (m/hour),Males and females,NA,NA,Winter,Winter,VHF,Unclear,Not provided,3407,"Table 4, pg. 3837",5.4,5.63,5.17,3.09,3.33,2.85,SE,6,6,NA,NA,32.9,32.9,,4,Temperate broadleaf and mixed forests,Mammalia
NA,Lee2012,Journal of Animal and Veterinary Advances,2012,South Korea,CI,Apodemus_peninsulae,Apodemus peninsulae,Linear distance,Movement distance (m/hour),Movement distance (m/hour),Males and females,NA,NA,Spring,Spring,VHF,Unclear,Not provided,3407,"Table 4, pg. 3837",25.23,26.95,23.51,15.29,16.89,13.69,SE,6,6,NA,NA,32.9,32.9,,4,Temperate broadleaf and mixed forests,Mammalia
NA,Lee2012,Journal of Animal and Veterinary Advances,2012,South Korea,CI,Apodemus_peninsulae,Apodemus peninsulae,Linear distance,Movement distance (m/hour),Movement distance (m/hour),Males and females,NA,NA,Summer,Summer,VHF,Unclear,Not provided,3407,"Table 4, pg. 3837",19.44,22.49,16.39,6.55,6.91,6.19,SE,5,5,NA,NA,32.9,32.9,,4,Temperate broadleaf and mixed forests,Mammalia
10.1071/WR00054,Vernes2001,Wildlife Research,2001,Australia,BA,Bettongia_tropica,Bettongia tropica,Home range,Nest area size,"Nest area, 100% Minimum Convex Polygon",Males and females,Spring/Summer/Autumn,Spring/Summer/Autumn,NA,NA,VHF,Planned,2000,152,"Table 2, pg. 144",7.46,9.71,5.21,2.05,2.57,1.53,SE,5,8,NA,NA,1200,1200,,7,"Tropical and subtropical grasslands, savannas, and shrublands",Mammalia
NA,Shaw1990,Wildlife Society Bulletin,1990,United States of America,BA,Bison_bison,Bison bison,Other space use,Mean monthly percentage of observations within burn area,Mean monthly percentage of observations within burn area,Cows and calves,Summer,Summer,NA,NA,Visual,Planned,1860,183,"Mean and SE calculated by reviwer from values in Table 1, pg. 428",0.4549,0.5485,0.3613,0.0913,0.1199,0.0627,SE,3,3,NA,NA,579255.3,579255.3,,8,"Temperate grasslands, savannas, and shrublands",Mammalia
10.1002/ajp.20644,Jaffe2009,American Journal of Primatology,2008,Kenya,CI,Chlorocebus_aethiops,Cercopithecus aethiops,Linear Distance,Distance travelled/30 mins,Distance travelled/30 mins,Group of vervet monkeys,NA,NA,Autumn/Winter,Autumn/Winter,Visual,Wildfire,Not provided,60,"Ranging Behaviour and Rate of Movement section of results, last paragraph pg. 256",75.7,85.8,65.6,46.6,51.1,42.1,SE,11,23,NA,NA,3975,3975,,7,"Tropical and subtropical grasslands, savannas, and shrublands",Mammalia
10.1002/ajp.20644,Jaffe2009,American Journal of Primatology,2008,Kenya,CI,Chlorocebus_aethiops,Cercopithecus aethiops,Linear Distance,Maximum daily distance,Maximum daily distance (m),Group of vervet monkeys,NA,NA,Autumn/Winter,Autumn/Winter,Visual,Wildfire,Not provided,60,"Ranging Behaviour and Rate of Movement section of results, paragraph 2 pg. 255",188.5,226.4,150.6,54.3,59.9,48.7,SE,11,12,NA,NA,3975,3975,,7,"Tropical and subtropical grasslands, savannas, and shrublands",Mammalia
10.1002/ajp.20644,Jaffe2009,American Journal of Primatology,2008,Kenya,BA,Chlorocebus_aethiops,Cercopithecus aethiops,Linear Distance,Maximum daily distance,Maximum daily distance (m),Group of vervet monkeys,,,NA,NA,Visual,Wildfire,Not provided,60,"Ranging Behaviour and Rate of Movement section of results, paragraph 2 pg. 255",188.5,228.2,148.8,54.3,59.9,48.7,SE,17,38,NA,NA,3975,3975,,7,"Tropical and subtropical grasslands, savannas, and shrublands",Mammalia
NA,Griffiths1994,Masters Thesis,1994,Australia,CI,Chlamydosaurus_kingii,Chlamydosaurus kingii,Home range,"Home range size, Minimum convex polygon","Home range size, Minimum convex polygon",Males,NA,NA,Autumn/Winter/Spring,Autumn/Winter/Spring,VHF,Planned,Not provided,122,"Home range section of results, pg. 107, Table 4.4, pg. 109",2.91,3.99,1.83,0.66,0.91,0.91,SE,7,5,912,NA,912,NA,,7,"Tropical and subtropical grasslands, savannas, and shrublands",Lepidosauria
NA,Griffiths1994,Masters Thesis,1994,Australia,CI,Chlamydosaurus_kingii,Chlamydosaurus kingii,Linear Distance,Mean distance of each location from the geometric centre of the home range ,Mean distance of each location from the geometric centre of the home range ,Males,NA,NA,Autumn/Winter/Spring,Autumn/Winter/Spring,VHF,Planned,Not provided,122,"Home range section of results, pg. 110, Table 4.4, pg. 109",92.49,107.19,77.79,39.74,47.75,31.73,SE,7,5,912,NA,912,NA,,7,"Tropical and subtropical grasslands, savannas, and shrublands",Lepidosauria
10.1139/cjz-2023-0100,Delay2024,Canadian Journal of Zoology,2024,Canada,CI,Clemmys_guttata,Clemmys guttata,Home range,Home range size,Home range size 100% minimum convex polygon,Males and females,NA,NA,Spring/Summer/Autumn,Spring/Summer/Autumn,VHF,Wildfire,1900,1460,"Home range section of Results, pg. 129",9,15.5,2.5,7.8,16.7,-1.1,SE,9,9,305,NA,305,NA,,4,Temperate broadleaf and mixed forests,NA
10.1139/cjz-2023-0100,Delay2024,Canadian Journal of Zoology,2024,Canada,CI,Clemmys_guttata,Clemmys guttata,Linear Distance,Minimum Daily distance moved,"Annual Minimum daily distance moved, estimated by calculated straight line distances between fixes, divided by the number of days between fixes",Males and females,NA,NA,Spring/Summer/Autumn,Spring/Summer/Autumn,VHF,Wildfire,1900,1460,"DMM Section of results, pg. 129",15,21.6,8.4,13.8,19.7,7.9,SE,9,9,305,NA,305,NA,,4,Temperate broadleaf and mixed forests,NA
10.1016/j.rama.2016.08.006,Carroll2017,Rangeland Ecology and Management,2017,United States of America,CI,Colinus_virginianus,Colinus virginianus,Home range,Home range size,Mean home range 95% Kernel density,Males and females,Autumn/Winter,Autum/Winter,NA,NA,VHF,Planned,3193,365,"Means and SEM from Convey Home Range Section of Results, para 1 pg. 178. Sample sizes from caption of Figure 2.",85,100.53,69.47,78.91,85.46,72.37,SE,6,32,NA,171.9,171.9,NA,,8,"Temperate grasslands, savannas, and shrublands",Aves
10.1017/S1367943003003305,Brisson2003,Animal Conservation,2003,United States of America,CI,Crotaphytus_collaris,Crotaphytus collaris,Linear distance,mean dispersal distance,"mean dispersal distance, including within glade and between glade dispersal movements","Males and females, hatchlings to adults",NA,NA,"Spring, Summer and Autumn","Spring, Summer and Autumn",Visual,Planned,not provided,365,"Table 2, pg. 251",380,752,8,210,357,63,SD,23,11,61.7,NA,61.7,NA,,4,Temperate broadleaf and mixed forests,Lepidosauria
NA,Chavarria2013,PhD Thesis,2013,United States of America,BA,Cyrtonyx_montezumae,Cyrtonix montezumae,Linear Distance,Mean Maximum distance moved,Mean Maximum distance moved,Adult and juvenille males and females,"Winter, Spring, Summer","Winter, Spring, Summer",NA,NA,VHF,Wildfire,Not provided,456,"Tracking data from Table 3.1, pg. 42. Movement metrics from Table 3.3, pg. 47",445,624.3,265.7,1128.4,1747.9,508.9,SE,19,24,NA,NA,185.4,NA,Cyrtonix spelt as Cytrtonyx in Avonet,13,Deserts and xeric shrublands,Aves
NA,Chavarria2013,PhD Thesis,2013,United States of America,BA,Cyrtonyx_montezumae,Cyrtonix montezumae,Linear Distance,Mean distance between observations,Mean distance between observations,Adult and juvenille males and females,"Winter, Spring, Summer","Winter, Spring, Summer",NA,NA,VHF,Wildfire,Not provided,456,"Tracking data from Table 3.1, pg. 42. Movement metrics from Table 3.3, pg. 47",156,217.8,94.2,239.2,486,-7.6,SE,19,24,NA,NA,185.4,NA,Cyrtonix spelt as Cytrtonyx in Avonet,13,Deserts and xeric shrublands,Aves
NA,Chavarria2013,PhD Thesis,2013,United States of America,BA,Cyrtonyx_montezumae,Cyrtonix montezumae,Linear Distance,Mean distance between first and last observation,Mean distance between first and last observation,Adult and juvenille males and females,"Winter, Spring, Summer","Winter, Spring, Summer",NA,NA,VHF,Wildfire,Not provided,456,"Tracking data from Table 3.1, pg. 42. Movement metrics from Table 3.3, pg. 47",227.4,359.2,95.6,676.8,1210.5,143.1,SE,19,24,NA,NA,185.4,NA,Cyrtonix spelt as Cytrtonyx in Avonet,13,Deserts and xeric shrublands,Aves
NA,Chavarria2013,PhD Thesis,2013,United States of America,BA,Cyrtonyx_montezumae,Cyrtonix montezumae,Home range,"Utilisation distribution, fixed kernel density 95%","Utilisation distribution, fixed kernel density 95%",Adult and juvenille males and females,"Winter, Spring, Summer","Winter, Spring, Summer",NA,NA,VHF,Wildfire,Not provided,456,"Tracking data from Table 3.1, pg. 42. Movement metrics from Table 3.2, pg. 43",21.9,34,9.8,107,203.5,10.5,SE,19,24,NA,NA,185.4,NA,Cyrtonix spelt as Cytrtonyx in Avonet,13,Deserts and xeric shrublands,Aves
10.1080/15627020.2008.11407405,Yarnell2008,African Zoology,2008,South Africa,BA,Elephantulus_brachyrhynchus,Elephantulus brachyrhynchus,Home range,Home range,Home range size,Males and females,Winter,Winter,NA,NA,VHF,Planned,Not provided,7,"Table 1, pg. 48",0.18,0.25,0.11,0.24,0.3,0.18,SE,9,9,NA,NA,47.5,47.5,,7,"Tropical and subtropical grasslands, savannas, and shrublands",Mammalia
10.1080/15627020.2008.11407405,Yarnell2008,African Zoology,2008,South Africa,BA,Elephantulus_brachyrhynchus,Elephantulus brachyrhynchus,Linear Distance,Straight line distance (m),Straight line distance between successive fixes pg. 47,Males and females,Winter,Winter,NA,NA,VHF,Planned,Not provided,7,"Figure 1, pg. 49",12.08,14.41,9.75,16.24,18.1,14.38,SE,9,9,NA,NA,47.5,47.5,,7,"Tropical and subtropical grasslands, savannas, and shrublands",Mammalia
10.1007/s13364-014-0184-y,Venter2014,Acta Theriologica,2014,South Africa,CI,Equus_burchellii,Equus burchelli,Other space use,Mean time spent in habitat type,Mean time spent in habitat type,Males and females,NA,NA,All seasons,All seasons,VHF,Planned,Not provided,1673,"Figure 2, pg. 461",627,654,600,252.6,309,196.2,CI,7,7,NA,NA,175000,NA,E. quagga in Phylacine,1,Tropical and subtropical moist broadleaf forests,Mammalia
10.1007/s13364-014-0184-y,Venter2014,Acta Theriologica,2014,South Africa,CI,Equus_burchellii,Equus burchelli,Linear distance,Mean speed (m/hr),Mean speed (m/hr),Males and females,NA,NA,All seasons,All seasons,VHF,Planned,Not provided,1673,"Figure 2, pg. 461",1041.81,1076.65,1006.97,1114.98,1188.15,1041.81,CI,7,7,NA,NA,175000,NA,E. quagga in Phylacine,1,Tropical and subtropical moist broadleaf forests,Mammalia
10.1046/j.1365-2028.2000.00256.x,Jansen2000,African Journal of Ecology,2000,South Africa,CI,Francolinus_levaillantii,Francolinus levaillantii,Home range,Home range size,Mean home range size 95% kernel analysis,Not provided,NA,NA,Autumn,Autumn,VHF,Planned,Not provided,365,"Table 1, pg. 332",7.6,8.92,6.28,9.29,13.38,5.2,SE,5,5,NA,NA,430.9,NA,As Scleroptila levaillantii in Avonet,10,Montane grasslands and shrublands,Aves
10.1071/WF18147,Lovich2018,International Journal of Wildland Fire,2018,United States of America,BA,Gopherus_agassizii,Gopherus agassizii,Home range,Activity Area size,"Annual Activity Area, minimum convex polygon",Adults,All seasons,All seasons,NA,NA,VHF,Wildfire,158.5,243,"Table 1, pg. 853",0.845655,1.232666,0.458644,3.827236,6.022582,1.63189,SE,8,8,10956,NA,10956,NA,,13,Deserts and xeric shrublands,NA
10.1071/WF18147,Lovich2018,International Journal of Wildland Fire,2018,United States of America,CI,Gopherus_agassizii,Gopherus agassizii,Other space use,Percentage of Activity area overlap between years,Percentage of Activity area overlap between years,Adults,NA,NA,All seasons,All seasons,VHF,Wildfire,158.5,243,"Table 1, pg. 853",0.378,0.481,0.275,0.334,0.444,0.224,SE,8,6,10956,NA,10956,NA,,13,Deserts and xeric shrublands,NA
10.2193/2006-337,Yager2007,Journal of Wildlife Management,2007,United States of America,CI,Gopherus_polyphemus,Gopherus polyphemus,Home range,Home range size,Home range size 95% kernel estimate,Males and females,NA,NA,All seasons,All seasons,VHF,Planned,Not provided,730,"Table 2, pg. 431",1.02,1.73,0.31,1.16,2.8,-0.48,SD,20,20,10008,NA,10008,NA,,5,Temperate coniferous forests,NA
NA,Lang2002,The Auk,2002,United States of America,CI,Hylocichla_mustelina,Hylocichla mustelina,Linear Distance,mean distance (m) from capture site before dispersal,mean distance (m) from capture site before dispersal,juvenilles,NA,NA,Spring/Summer,Spring/Summer,VHF,Planned,Not provided,365,"Table 4, pg. 117",309,334,284,161,172,150,SE,5,8,NA,50.1,50.1,NA,,4,Temperate broadleaf and mixed forests,Aves
10.1139/cjz-2018-0222,Hutchen2019,Canadian Journal of Zoology,2019,Canada,CI,Lepus_americanus,Lepus americanus,Tortuosity,Pathway tortuosity,"Direction of effect: lower values = greater tortuosity, higher values = less tortuosity. Mean pathway tortuosity, with 1 = straight line, estimated using a fixed step random walk model",Not provided,NA,NA,Winter,Winter,Visual,Wildfire,25635,4745,"Hare movements in the different stand types section of results, paragraph 1, pg. 449",0.59,0.76,0.42,0.54,0.82,0.26,SE,11,16,NA,NA,1710,1710,,5,Temperate coniferous forests,Mammalia
0.1002/wsb.536,Everitts2015,Wildlife Society Bulletin,2015,United States of America,CI,Limnothlypis_swainsonii,Limnothlypis swainsonii,Home range,Home range size,Home range size 95% fixed kernel,Males,NA,NA,Spring/Summer,Spring/Summer,VHF,Planned,2051,517,Abstract,14.4,17.9,10.9,8.5,9.6,7.4,SE,13,27,NA,18.9,18.9,NA,,4,Temperate broadleaf and mixed forests,Aves
NA,Thompson1993,PhD Thesis,1993,United States of America,CI,Meleagris_gallopavo_merriami,Meleagris gallopavo merriami,Linear Distance,Distances between winter areas in consecutive years,Distances between winter areas in consecutive years,subadult females,NA,NA,Winter,Winter,VHF,Wildfire,20920,1278,"Table 6, pg 28",4600,5100,4100,20700,26600,14800,SD,7,6,NA,NA,5791.4,NA,From Meleagris gallopavo in AvoNet,8,"Temperate grasslands, savannas, and shrublands",Aves
NA,Thompson1993,PhD Thesis,1993,United States of America,CI,Meleagris_gallopavo_merriami,Meleagris gallopavo merriami,Home range,"Spring/fall home range sizes, minimum convex polygon","Spring/fall home range sizes, minimum convex polygon",Males,NA,NA,Spring/fall,Spring/fall,VHF,Wildfire,20920,1278,"Table 13, pg 43",2480,4980,-20,530,1060,0,SD,15,9,NA,NA,5791.4,NA,From Meleagris gallopavo in AvoNet,8,"Temperate grasslands, savannas, and shrublands",Aves
NA,Thompson1993,PhD Thesis,1993,United States of America,CI,Meleagris_gallopavo_merriami,Meleagris gallopavo merriami,Home range,"Spring/fall home range sizes, minimum convex polygon","Spring/fall home range sizes, minimum convex polygon",Female,NA,NA,Spring/fall,Spring/fall,VHF,Wildfire,20920,1278,"Table 13, pg 43",1130,3120,-860,560,1100,20,SD,25,18,NA,NA,5791.4,NA,From Meleagris gallopavo in AvoNet,8,"Temperate grasslands, savannas, and shrublands",Aves
NA,Thompson1993,PhD Thesis,1993,United States of America,CI,Meleagris_gallopavo_merriami,Meleagris gallopavo merriami,Linear Distance,Mean daily linear distances travelled,Mean daily linear distances travelled,Males,NA,NA,Spring/fall,Spring/fall,VHF,Wildfire,20920,1278,"Table 13, pg 43",2300,2900,1700,1600,2500,700,SD,15,9,NA,NA,5791.4,NA,From Meleagris gallopavo in AvoNet,8,"Temperate grasslands, savannas, and shrublands",Aves
NA,Thompson1993,PhD Thesis,1993,United States of America,CI,Meleagris_gallopavo_merriami,Meleagris gallopavo merriami,Linear Distance,Mean daily linear distances travelled,Mean daily linear distances travelled,Females,NA,NA,Spring/fall,Spring/fall,VHF,Wildfire,20920,1278,"Table 13, pg 43",1700,3000,400,1200,2100,300,SD,25,18,NA,NA,5791.4,NA,From Meleagris gallopavo in AvoNet,8,"Temperate grasslands, savannas, and shrublands",Aves
NA,Thompson1993,PhD Thesis,1993,United States of America,CI,Meleagris_gallopavo_merriami,Meleagris gallopavo merriami,Linear Distance,Straight line distance (km) between winter home range centres and nest site,Straight line distance (km) between winter home range centres and nest site,Adult females,NA,NA,Spring/Winter,Spring/Winter,VHF,Wildfire,20920,1278,"Table 24, pg. 59",5200,11800,-1400,4700,7000,2400,SD,10,9,NA,NA,5791.4,NA,From Meleagris gallopavo in AvoNet,8,"Temperate grasslands, savannas, and shrublands",Aves
NA,Thompson1993,PhD Thesis,1993,United States of America,CI,Meleagris_gallopavo_merriami,Meleagris gallopavo merriami,Linear Distance,Straight line distance (km) between winter home range centres and nest site,Straight line distance (km) between winter home range centres and nest site,subadult females,NA,NA,Spring/Winter,Spring/Winter,VHF,Wildfire,20920,1278,"Table 24, pg. 59",10500,18600,2400,5100,7600,2600,SD,15,8,NA,NA,5791.4,NA,From Meleagris gallopavo in AvoNet,8,"Temperate grasslands, savannas, and shrublands",Aves
10.1644/08-MAMM-A-349.1,Lacki2009,Journal of Mammalogy,2009,United States of America,BA,Myotis_septentrionalis,Myotis septentrionalis,Home range,Home range size,Home range size 95% (estimated using Hawth's Tools v3.27 in ArcGIS),Females,Summer,Spring/Summer,NA,NA,VHF,Planned,620,122,"Foraging behaviour section of results, paragraph 1 pg. 1169",72.3,78.5,66.1,60.2,74.3,46.1,SE,9,5,NA,NA,7.5,7.5,,4,Temperate broadleaf and mixed forests,Mammalia
10.1002/ece3.8221,Kreling2021,Ecology and Evolution,2021,United States of America,BACI,Odocoileus_hemionus_columbianus,Odocoileus hemionus columbianus,Home range,Home range size,"Mean home range size, 95% local convex hull","Adult deer, 16 females",Summer,Summer,Summer,Summer,GPS,Wildfire,1380,30,"Section 3.1 of results, paragraph 2  pg. 15688",7,12,2,6,15,-3,SD,11,11,NA,NA,54212.6,NA,From Odocoileus hemionus in Phylacine,12,"Mediterranean forests, woodlands, and scrub or sclerophyll forests",Mammalia
10.1002/ece3.8221,Kreling2021,Ecology and Evolution,2021,United States of America,CI,Odocoileus_hemionus_columbianus,Odocoileus hemionus columbianus,Linear Distance,Displacement,"Mean displacement during fire event and 3 day period post fire, calculated as follows "" identified the point during the fire and the 3-day post-
fire period that was farthest from the pre-fire LoCoH home range
centroid and calculated the Euclidean distance between points"" pg. 15687","Adult deer, mostly females",Summer,Summer,Summer,Summer,GPS,Wildfire,1380,30,"Section 3.1 of results, paragraph 1 pg. 15687-15688",1170,2280,60,250,360,140,SD,13,5,NA,NA,54212.6,NA,From Odocoileus hemionus in Phylacine,12,"Mediterranean forests, woodlands, and scrub or sclerophyll forests",Mammalia
10.1002/ece3.8221,Kreling2021,Ecology and Evolution,2021,United States of America,CI,Odocoileus_hemionus_columbianus,Odocoileus hemionus columbianus,Linear Distance,Home Range Centroid Displacement,"Mean centroid displacement post fire, using home range centroids.",Adult females,Summer,Summer,Summer,Summer,GPS,Wildfire,1380,30,"Section 3.1 of results, paragraph 3, pg. 15688",140.32,208.29,72.35,119.22,227.59,10.85,SD,11,5,NA,NA,54212.6,NA,From Odocoileus hemionus in Phylacine,12,"Mediterranean forests, woodlands, and scrub or sclerophyll forests",Mammalia
10.1002/ece3.8221,Kreling2021,Ecology and Evolution,2021,United States of America,BA,Odocoileus_hemionus_columbianus,Odocoileus hemionus columbianus,Linear Distance,Daily distance moved,Mean daily distance moved,"Adult females, same cohort before and after",Summer,Summer,Summer,Summer,GPS,Wildfire,1380,30,Table 1 pg. 15689,2150,2520,1780,1470,1730,1210,SD,11,11,NA,NA,54212.6,NA,From Odocoileus hemionus in Phylacine,12,"Mediterranean forests, woodlands, and scrub or sclerophyll forests",Mammalia
10.1002/ece3.8221,Kreling2021,Ecology and Evolution,2021,United States of America,BA,Odocoileus_hemionus_columbianus,Odocoileus hemionus columbianus,Tortuosity,Straightness Index,"Direction of effect: lower values = greater tortuosity, higher values = less tortuosity. Straightness Index from 0 to 1, with 1 perfectly straight","Adult females, same cohort before and after",Summer,Summer,Summer,Summer,GPS,Wildfire,1380,30,Table 1 pg. 15689,0.021,0.041,0.001,0.011,0.021,0.001,SD,11,11,NA,NA,54212.6,NA,From Odocoileus hemionus in Phylacine,12,"Mediterranean forests, woodlands, and scrub or sclerophyll forests",Mammalia
10.1002/ece3.8221,Kreling2021,Ecology and Evolution,2021,United States of America,BA,Odocoileus_hemionus_columbianus,Odocoileus hemionus columbianus,Tortuosity,Turn Angle Correlation,"Direction of effect: lower values = greater tortuosity, higher values = less tortuosity. Turn Angle Correlation, where high correlation indicates directed movement and low correlation indicates undirected movement","Adult females, same cohort before and after",Summer,Summer,Summer,Summer,GPS,Wildfire,1380,30,Table 1 pg. 15689,0.5202,0.5502,0.4902,0.515,0.535,0.495,SD,11,11,NA,NA,54212.6,NA,From Odocoileus hemionus in Phylacine,12,"Mediterranean forests, woodlands, and scrub or sclerophyll forests",Mammalia
10.1002/ece3.8221,Kreling2021,Ecology and Evolution,2021,United States of America,BA,Odocoileus_hemionus_columbianus,Odocoileus hemionus columbianus,Other space use,"Mean residence time ""number of hours spent inside
a given radius"" pg. 15686",Mean residence time,"Adult females, same cohort before and after",Summer,Summer,Summer,Summer,GPS,Wildfire,1380,30,Table 1 pg. 15689,16.8,27.4,6.2,10,14.2,5.8,SD,11,11,NA,NA,54212.6,NA,From Odocoileus hemionus in Phylacine,12,"Mediterranean forests, woodlands, and scrub or sclerophyll forests",Mammalia
10.1002/ece3.8221,Kreling2021,Ecology and Evolution,2021,United States of America,BA,Odocoileus_hemionus_columbianus,Odocoileus hemionus columbianus,Other space use,"Mean time to return ""hours an animal spends before returning to
a given radius"" pg. 15686","Mean time to return ""hours an animal spends before returning to
a given radius"" pg. 15687","Adult females, same cohort before and after",Summer,Summer,Summer,Summer,GPS,Wildfire,1380,30,Table 1 pg. 15689,55.5,68.2,42.8,64.1,80.2,48,SD,11,11,NA,NA,54212.6,NA,From Odocoileus hemionus in Phylacine,12,"Mediterranean forests, woodlands, and scrub or sclerophyll forests",Mammalia
10.1016/j.foreco.2017.11.007,Cherry2018,Forest Ecology and Management,2018,United States of America,BACI,Odocoileus_virginianus,Odocoileus virginianus,Home range,Home range size,Home range size 95% Utilisation Distributions,Males,Spring,Spring,Spring,Spring,GPS,Wildfire,14200,30,"Sample size Table 1, pg. 165, Home range Table 3 pg. 166",90,147,33,32,120,-56,SD,9,9,NA,NA,55508.6,55508.6,,9,Flooded grasslands and savannas,Mammalia
10.1016/j.foreco.2017.11.007,Cherry2018,Forest Ecology and Management,2018,United States of America,CI,Odocoileus_virginianus,Odocoileus virginianus,Home range,Home range size,Home range size 95% Utilisation Distributions,Males,NA,NA,Spring/Summer,Spring/Summer,GPS,Wildfire,14200,30,"Sample size Table 1, pg. 165, Home range Table 3 pg. 166",363,430,296,263,314,212,SE,9,10,NA,NA,55508.6,55508.6,,9,Flooded grasslands and savannas,Mammalia
10.1016/j.foreco.2017.11.007,Cherry2018,Forest Ecology and Management,2018,United States of America,CI,Odocoileus_virginianus,Odocoileus virginianus,Home range,Home range size,Home range size 95% Utilisation Distributions,Males,NA,NA,Summer,Summer,GPS,Wildfire,14200,30,"Sample size Table 1, pg. 165, Home range Table 3 pg. 166",412,454,370,307,357,257,SE,10,9,NA,NA,55508.6,55508.6,,9,Flooded grasslands and savannas,Mammalia
10.1016/j.foreco.2017.11.007,Cherry2018,Forest Ecology and Management,2018,United States of America,BACI,Odocoileus_virginianus,Odocoileus virginianus,Home range,Home range size,Home range size 95% Utilisation Distributions,Females,Spring,Spring,NA,NA,GPS,Wildfire,14200,30,"Sample size Table 1, pg. 165, Home range Table 3 pg. 167",62,103.11,20.89,3,29.53,-23.53,SD,10,10,NA,NA,55508.6,55508.6,,9,Flooded grasslands and savannas,Mammalia
10.1016/j.foreco.2017.11.007,Cherry2018,Forest Ecology and Management,2018,United States of America,CI,Odocoileus_virginianus,Odocoileus virginianus,Home range,Home range size,Home range size 95% Utilisation Distributions,Females,NA,NA,Spring/Summer,Spring/Summer,GPS,Wildfire,14200,30,"Sample size Table 1, pg. 165, Home range Table 3 pg. 167",123,141,105,73,80,66,SE,9,40,NA,NA,55508.6,55508.6,,9,Flooded grasslands and savannas,Mammalia
10.1016/j.foreco.2017.11.007,Cherry2018,Forest Ecology and Management,2018,United States of America,CI,Odocoileus_virginianus,Odocoileus virginianus,Home range,Home range size,Home range size 95% Utilisation Distributions,Females,NA,NA,Summer,Summer,GPS,Wildfire,14200,30,"Sample size Table 1, pg. 165, Home range Table 3 pg. 167",114,131,97,78,84,72,SE,8,39,NA,NA,55508.6,55508.6,,9,Flooded grasslands and savannas,Mammalia
10.1016/j.foreco.2017.11.007,Cherry2018,Forest Ecology and Management,2018,United States of America,BACI,Odocoileus_virginianus,Odocoileus virginianus,Linear distance,Movement rate,Movement rate meters/hour,Males,Spring,Spring,NA,NA,GPS,Wildfire,14200,30,"Sample size Table 1 pg. 165, movement rates Figure 4",18.62,38.92,-1.68,6.17,25.47,-13.13,SD,9,9,NA,NA,55508.6,55508.6,,9,Flooded grasslands and savannas,Mammalia
10.1016/j.foreco.2017.11.007,Cherry2018,Forest Ecology and Management,2018,United States of America,CI,Odocoileus_virginianus,Odocoileus virginianus,Linear distance,Movement rate,Movement rate meters/hour,Males,NA,NA,Spring/Summer,Spring/Summer,GPS,Wildfire,14200,30,"Sample size Table 1 pg. 165, movement rates Figure 4",94.48,100.96,88,65.38,72.55,58.21,SE,9,10,NA,NA,55508.6,55508.6,,9,Flooded grasslands and savannas,Mammalia
10.1016/j.foreco.2017.11.007,Cherry2018,Forest Ecology and Management,2018,United States of America,CI,Odocoileus_virginianus,Odocoileus virginianus,Linear distance,Movement rate,Movement rate meters/hour,Males,NA,NA,Summer,Summer,GPS,Wildfire,14200,30,"Sample size Table 1 pg. 165, movement rates Figure 4",95.31,102.21,88.41,72,77.52,66.48,SE,10,9,NA,NA,55508.6,55508.6,,9,Flooded grasslands and savannas,Mammalia
10.1016/j.foreco.2017.11.007,Cherry2018,Forest Ecology and Management,2018,United States of America,BACI,Odocoileus_virginianus,Odocoileus virginianus,Linear distance,Movement rate,Movement rate meters/hour,Females,Spring,Spring,NA,NA,GPS,Wildfire,14200,30,"Sample size Table 1 pg. 165, movement rates Figure 4",19,60.79,-22.79,5.73,29.15,-17.69,SD,44,44,NA,NA,55508.6,55508.6,,9,Flooded grasslands and savannas,Mammalia
10.1016/j.foreco.2017.11.007,Cherry2018,Forest Ecology and Management,2018,United States of America,CI,Odocoileus_virginianus,Odocoileus virginianus,Linear distance,Movement rate,Movement rate meters/hour,Females,NA,NA,Spring/Summer,Spring/Summer,GPS,Wildfire,14200,30,"Sample size Table 1 pg. 165, movement rates Figure 4",79.85,86.82,72.88,49.86,53.11,46.61,SE,9,40,NA,NA,55508.6,55508.6,,9,Flooded grasslands and savannas,Mammalia
10.1016/j.foreco.2017.11.007,Cherry2018,Forest Ecology and Management,2018,United States of America,CI,Odocoileus_virginianus,Odocoileus virginianus,Linear distance,Movement rate,Movement rate meters/hour,Females,NA,NA,Summer,Summer,GPS,Wildfire,14200,30,"Sample size Table 1 pg. 165, movement rates Figure 4",74.21,81.47,66.95,50.33,54.15,46.51,SE,8,39,NA,NA,55508.6,55508.6,,9,Flooded grasslands and savannas,Mammalia
10.4996/fireecology.1203080,Clapp2016,Fire Ecology,2016,United States of America,BA,Ovis_canadensis,Ovis canadensis,Other space use,Proportion of relocations,Proportion of locations within the burn perimeter,Males and females,Not detailed - assuming all seasons,Not detailed - assuming all seasons,NA,NA,GPS,Planned,1260,821,"Table 3, pg. 90",0.14,0.16,0.12,0.03,0.04,0.02,SE,11,11,NA,NA,74644.9,74644.9,,6,Boreal forests/taiga,Mammalia
10.4996/fireecology.1203080,Clapp2016,Fire Ecology,2016,United States of America,BA,Ovis_canadensis,Ovis canadensis,Other space use,Proportion of relocations,Proportion of locations within the burn perimeter,Males and females,Not detailed - assuming all seasons,Not detailed - assuming all seasons,NA,NA,GPS,Planned,1260,821,"Table 3, pg. 91",0.14,0.16,0.12,0.06,0.07,0.05,SE,10,10,NA,NA,74644.9,74644.9,,6,Boreal forests/taiga,Mammalia
10.4996/fireecology.1203080,Clapp2016,Fire Ecology,2016,United States of America,BA,Ovis_canadensis,Ovis canadensis,Other space use,Proportion of relocations,Proportion of locations within the burn perimeter,Males and females,Not detailed - assuming all seasons,Not detailed - assuming all seasons,NA,NA,GPS,Wildfire,1260,821,"Table 3, pg. 92",0.23,0.32,0.14,0.24,0.32,0.16,SE,9,9,NA,NA,74644.9,74644.9,,6,Boreal forests/taiga,Mammalia
10.1071/WR12110,Hope2012,Wildlife Research,2012,Australia,BA,Perameles_nasuta,Perameles nasuta,Home range,Home range size,"Mean home range size, 95% fixed kernel density",Adult males and females,Autumn,Winter,NA,NA,VHF,Planned,24.6,91,Table 3,7.2,9,5.4,6.4,8.3,4.5,SE,5,5,NA,NA,975,975,,4,Temperate broadleaf and mixed forests,Mammalia
10.1016/j.cub.2022.08.082,Blakey2022,Current Biology,2022,United States of America,BA,Puma_concolor,Puma concolor,Other space use,Mean proportion of locations within the burn perimeter before and after fire,Mean proportion of locations within the burn perimeter before and after fire,"Males and females, adults and subadults",All seasons,All seasons,NA,NA,GPS,Wildfire,39234,456,"Table S1, Supplementary Material",0.21,0.29,0.13,0.36,0.46,0.26,SE,9,9,NA,NA,51600,51600,,12,"Mediterranean forests, woodlands, and scrub or sclerophyll forests",Mammalia
10.1016/j.cub.2022.08.082,Blakey2022,Current Biology,2022,United States of America,BA,Puma_concolor,Puma concolor,Home range,Amount of space used,Predicted Amount of space used estimated using adaptive local convex hulls and a linear mixed effects model,Adult males,Summer/Autum,Autumn/Winter,NA,NA,GPS,Wildfire,39234,91,"Figure 3E, sample sizes Table s3",18410,22400,14420,20390,25050,15730,CI,3,2,NA,NA,51600,51600,,12,"Mediterranean forests, woodlands, and scrub or sclerophyll forests",Mammalia
10.1016/j.cub.2022.08.082,Blakey2022,Current Biology,2022,United States of America,BA,Puma_concolor,Puma concolor,Home range,Amount of space used,Predicted Amount of space used estimated using adaptive local convex hulls and a linear mixed effects model,subadult males,Summer/Autum,Autumn/Winter,NA,NA,GPS,Wildfire,39234,122,"Figure 3E, sample sizes Table s3",16950,22850,11050,14720,18390,11050,CI,3,4,NA,NA,51600,51600,,12,"Mediterranean forests, woodlands, and scrub or sclerophyll forests",Mammalia
10.1016/j.cub.2022.08.082,Blakey2022,Current Biology,2022,United States of America,BA,Puma_concolor,Puma concolor,Home range,Amount of space used,Predicted Amount of space used estimated using adaptive local convex hulls and a linear mixed effects model,subadult females,Summer/Autum,Autumn/Winter,NA,NA,GPS,Wildfire,39234,183,"Figure 3E, sample sizes Table s3",9570,14490,3110,7910,15490,3500,CI,3,2,NA,NA,51600,51600,,12,"Mediterranean forests, woodlands, and scrub or sclerophyll forests",Mammalia
10.1016/j.cub.2022.08.082,Blakey2022,Current Biology,2022,United States of America,BA,Puma_concolor,Puma concolor,Home range,Amount of space used,Predicted Amount of space used estimated using adaptive local convex hulls and a linear mixed effects model,Adult females,Summer/Autum,Autumn/Winter,NA,NA,GPS,Wildfire,39234,152,"Figure 3E, sample sizes Table s3",7830,11520,4440,6230,10750,30,CI,5,2,NA,NA,51600,51600,,12,"Mediterranean forests, woodlands, and scrub or sclerophyll forests",Mammalia
10.1016/j.cub.2022.08.082,Blakey2022,Current Biology,2022,United States of America,BA,Puma_concolor,Puma concolor,Linear Distance,"Mean monthly distance travelled, predicted using Mixed effects meta-regression",Mean monthly distance travelled,"Males and females, adults and subadults",Winter,Autumn,NA,NA,GPS,Wildfire,39234,304,,349400,397900,300900,254200,302700,254200,CI,17,9,NA,NA,51600,51600,,12,"Mediterranean forests, woodlands, and scrub or sclerophyll forests",Mammalia
10.1139/Z06-186,Dalerum2007,Canadian Journal of Zoology,2007,Canada,BA,Rangifer_tarandus_caribou,Rangifer tarandus caribou,Home range,Home range size,Mean annual home range size 95% fixed kernel,Largely female in Red Earth region,Annual (November - October),Annual (November - October),NA,NA,VHF,Wildfire,180000,1095,"Figure 2, pg. 29",62709,73463,51955,68156,82402,53910,SE,62,71,NA,NA,86034,NA,From Rangifer tarandus in Phylacine,6,Boreal forests/taiga,Mammalia
10.1139/Z06-186,Dalerum2007,Canadian Journal of Zoology,2007,Canada,BA,Rangifer_tarandus_caribou,Rangifer tarandus caribou,Home range,Home range size,Mean annual home range size 95% fixed kernel,Largely female in Caribou Mountains Region,Not provided,Annual (November - October),NA,NA,VHF,Wildfire,170000,2190,"Figure 2, pg. 29",142458,166760,106424,140922,176956,104888,SE,91,15,NA,NA,86034,NA,From Rangifer tarandus in Phylacine,6,Boreal forests/taiga,Mammalia
10.1139/Z06-186,Dalerum2007,Canadian Journal of Zoology,2007,Canada,BA,Rangifer_tarandus_caribou,Rangifer tarandus caribou,Home range,Home range size,Mean annual home range size 95% fixed kernel,Largely female in the East Side Athabasca River Region,Annual (November - October),Annual (November - October),NA,NA,VHF,Wildfire,140000,2190,"Figure 2, pg. 29",29469,36592,22346,26676,33380,19972,SE,134,72,NA,NA,86034,NA,From Rangifer tarandus in Phylacine,6,Boreal forests/taiga,Mammalia
NA,Michaud2017,Masters Thesis,2017,United States of America,CI,Regulus_calendula,Regulus calendula,Home range,"Home range size, 90% kernel density","Home range size, 90% kernel density",After second year males,NA,NA,Winter/Spring,Winter/Spring,Visual,Planned,663,5475,"Demographics section of Results, pg. 40 paragraph 1",5.43,6.5,4.36,3.22,3.54,2.9,SE,11,7,NA,6.2,6.2,NA,,5,Temperate coniferous forests,Aves
NA,Michaud2017,Masters Thesis,2017,United States of America,CI,Regulus_calendula,Regulus calendula,Other space use,Mean proportion of time spent foraging,Mean proportion of time spent foraging,After second year males,NA,NA,Winter/Spring,Winter/Spring,Visual,Planned,Not provided,5475,"Demographics section of Results, pg. 40 paragraph 1 and Table 11, pg. 77",0.949,0.9673,0.9307,0.9419,0.9569,0.9269,SD,11,5,NA,6.2,6.2,NA,,5,Temperate coniferous forests,Aves
10.4404/hystrix–11447,Gwinn2016,Hystrix,2016,United States of America,CI,Sciurus_aberti,Sciurus aberti,Home range,Home range size,Home range size 95% fixed kernel,Not provided,NA,NA,Spring/Summer,Spring/Summer,VHF,Wildfire,Not provided,425,,5.07,6.89,3.25,8.4,11.07,5.73,SE,6,6,NA,NA,624,624,,3,Tropical and subtropical coniferous forests,Mammalia
10.1644/10-MAMM-A-133.1,Pasch2011,Journal of Mammalogy,2011,United States of America,CI,Sciurus_nayaritensis,Sciurus nayaritensis,Home range,Core Area,Core area size,Adults,NA,NA,All seasons,All seasons,VHF,Planned,260,8395,"Results section, paragraph 3, pg. 230",2.9,3.9,1.9,6.6,7.8,5.4,SE,12,8,NA,NA,697,697,,13,Deserts and xeric shrublands,Mammalia
10.1644/10-MAMM-A-133.1,Pasch2011,Journal of Mammalogy,2011,United States of America,CI,Sciurus_nayaritensis,Sciurus nayaritensis,Linear Distance,Mean daily distance travelled,Mean daily distance travelled,Adults,NA,NA,All seasons,All seasons,VHF,Planned,260,8395,"Results section, paragraph 3, pg. 230",212.3,251.1,173.5,335.7,377.5,293.9,SE,12,8,NA,NA,697,697,,13,Deserts and xeric shrublands,Mammalia
10.1093/forestscience/56.1.131,Hurteau2010,Forest Science,2010,United States of America,CI,Sialia_mexicana,Sialia mexicana,Home range,Home range size,Home range size 90% fixed kernel,Males,NA,NA,Summer,Summer,VHF,Planned,Not provided,1460,"Figure 4, pg. 136",3.27,3.6,2.94,2.26,2.63,1.89,SE,7,7,NA,26.4,26.4,NA,,5,Temperate coniferous forests,Aves
10.1644/13-MAMM-A-187,Kelt2014,Journal of Mammalogy,2014,United States of America,BA,Sylvilagus_bachmani,Sylvilagus bachmani,Home range,Home range size,"Mean home range size, estimated using fixed kernel methods.","Males and females, 11 of each",Spring/Summer,Summer/Autumn,NA,NA,VHF,Wildfire,588,90,"Paragraph 2 of results, pg 519",1.92,3.25,0.59,1.49,2.3,0.68,SE,22,22,NA,NA,643.3,643.3,,8,"Temperate grasslands, savannas, and shrublands",Mammalia
10.1894/MRD-01.1,Leonard2010,Southwestern Naturalist,2010,United States of America,CI,Tamiasciurus_hudsonicus_grahamensis,Tamiasciurus hudsonicus grahamensis,Home range,Home range size,Home range size 95% fixed kernel,Males and females,NA,NA,Summer/Autumn,Summer/Autumn,VHF,Both,16.4,122,"Table 1, pg. 221",1.48,1.8,1.16,2.01,2.4,1.62,SE,8,22,NA,NA,201.2,NA,From Tamiasciurus hudsonicus in Phylacine,13,Deserts and xeric shrublands,Mammalia
10.1894/MRD-01.1,Leonard2010,Southwestern Naturalist,2010,United States of America,CI,Tamiasciurus_hudsonicus_grahamensis,Tamiasciurus hudsonicus grahamensis,Home range,Home range size,Home range size 95% fixed kernel,Males and females,NA,NA,Spring/Summer,Spring/Summer,VHF,Both,16.4,365,"Table 1, pg. 221",0.62,0.87,0.37,3.21,3.76,2.66,SE,5,15,NA,NA,201.2,NA,From Tamiasciurus hudsonicus in Phylacine,13,Deserts and xeric shrublands,Mammalia
10.1894/MRD-01.1,Leonard2010,Southwestern Naturalist,2010,United States of America,BACI,Tamiasciurus_hudsonicus_grahamensis,Tamiasciurus hudsonicus grahamensis,Linear Distance,Distance,Distance (m) between middens and nests,Males and females,Spring/Summer,Summer,Summer,Summer,VHF,Both,16.4,30,"Figure 2, pg. 222",-5.1,24.6,-34.8,12.9,88.57,-62.77,SD,8,8,NA,NA,201.2,NA,From Tamiasciurus hudsonicus in Phylacine,13,Deserts and xeric shrublands,Mammalia
10.1894/MRD-01.1,Leonard2010,Southwestern Naturalist,2010,United States of America,CI,Tamiasciurus_hudsonicus_grahamensis,Tamiasciurus hudsonicus grahamensis,Linear Distance,Distance,Distance (m) between middens and nests,Males and females,NA,NA,Autumn,Autumn,VHF,Both,16.4,122,"Figure 2, pg. 222",8,10.6,5.4,56.2,68.7,43.7,SE,5,25,NA,NA,201.2,NA,From Tamiasciurus hudsonicus in Phylacine,13,Deserts and xeric shrublands,Mammalia
10.1894/MRD-01.1,Leonard2010,Southwestern Naturalist,2010,United States of America,CI,Tamiasciurus_hudsonicus_grahamensis,Tamiasciurus hudsonicus grahamensis,Linear Distance,Distance,Distance (m) between middens and nests,Males and females,NA,NA,Summer,Summer,VHF,Both,16.4,356,"Figure 2, pg. 222",54.5,84.7,24.3,55.8,66.9,44.7,SE,5,15,NA,NA,201.2,NA,From Tamiasciurus hudsonicus in Phylacine,13,Deserts and xeric shrublands,Mammalia
:10.1111/jzo.12732,Roe2020,Journal of Zoology,2020,United States of America,CI,Terrapene_carolina_carolina,Terrapene carolina,Home range,Home range size,Home range size 95% kernel density,Females,NA,NA,All seasons,All seasons,VHF,Planned,Not provided,Not provided,Table 1. pg. 75,18.4,21.5,15.3,32.8,41.1,24.5,SE,14,14,1093,NA,1093,NA,,5,Temperate coniferous forests,NA
:10.1111/jzo.12732,Roe2020,Journal of Zoology,2020,United States of America,CI,Terrapene_carolina_carolina,Terrapene carolina,Home range,Home range size,Home range size 95% kernel density,Males,NA,NA,All seasons,All seasons,VHF,Planned,Not provided,Not provided,Table 1. pg. 76,9.9,11.7,8.1,17.2,22.2,12.2,SE,14,15,1093,NA,1093,NA,,5,Temperate coniferous forests,NA
10.1002/jwmg.21920,Harris2020,Journal of Wildlife Management,2020,United States of America,CI,Terrapene_carolina_carolina,Terrapene carolina carolina,Home range,Home range size,Home range size 95% kernel density,adults,NA,NA,All seasons,All seasons,VHF,Both,600,730,"Means and SEM Table 3, pg. 1390. Sample size from Spatial Ecology section of results, para 2, pg. 1390",7.1,9.3,4.9,8.9,13.1,4.7,SE,34,66,1093,NA,1093,NA,,4,Temperate broadleaf and mixed forests,NA
10.1002/jwmg.21920,Harris2020,Journal of Wildlife Management,2020,United States of America,BA,Terrapene_carolina_carolina,Terrapene carolina carolina,Home range,Home range size,Home range size 95% kernel density,adults,All seasons,All seasons,NA,NA,VHF,Both,600,730,"Spatial Ecology section of results, para 2, pg. 1390",4.4,6.1,2.7,5.1,7.1,3.1,SE,19,19,1093,NA,1093,NA,,4,Temperate broadleaf and mixed forests,NA
10.1002/jwmg.21920,Harris2020,Journal of Wildlife Management,2020,United States of America,CI,Terrapene_carolina_carolina,Terrapene carolina carolina,Tortuosity,Sinuosity,"Opposite direction of effect to straightness index and tortuosity. Mean sinuosity index, where 1 = straight, <1 = less straight",adults,NA,NA,All seasons,All seasons,VHF,Both,600,730,"Spatial Ecology section of results, para 2, pg. 1390",0.15,0.17,0.13,0.19,0.21,0.17,SE,34,66,1093,NA,1093,NA,,4,Temperate broadleaf and mixed forests,NA
10.1071/WF15204,Berry2016,International Journal of Wildland Fire,2016,Australia,CI,Trichosurus_cunninghami,Trichosurus cunninghami,Home range,Home range size,"Home range size, measured as 99% isopleth of VHF fixes",Adult males and females,NA,NA,Summer/Autumn,Summer/Autumn,VHF,Wildfire,74000,1825,"Sample sizes from Appendix 1, Means and CI from Fig. 2, pg. 1295",11.07,26.23,-4.09,29.58,44.77,14.39,CI,6,6,NA,NA,3270,3270,,4,Temperate broadleaf and mixed forests,Mammalia
10.1002/ece3.8416,Huysman2021,Ecology and Evolution,2021,United States of America,BA,Tyto_furcata,Tyto furcata,Linear Distance,Distance between centroid and fire scar,Distance between centroid and fire scar,Females,Winter,Winter,NA,NA,GPS,Wildfire,60000,417,"Results section, para 4, pg. 18221 and 18222",1692,2036,1348,2864,3225,2503,SE,15,17,NA,NA,403.3,NA,From Tyto alba in AvoNet,12,"Mediterranean forests, woodlands, and scrub or sclerophyll forests",Aves
10.1002/ece3.8416,Huysman2021,Ecology and Evolution,2021,United States of America,BA,Tyto_furcata,Tyto furcata,Linear Distance,Distance between centroid and fire scar,Distance between centroid and fire scar,Females,Winter,Winter,NA,NA,GPS,Wildfire,60000,417,"Results section, para 4, pg. 18221 and 18222",619,883,355,223,333,113,SE,15,17,NA,NA,403.3,NA,From Tyto alba in AvoNet,12,"Mediterranean forests, woodlands, and scrub or sclerophyll forests",Aves
10.1002/jwmg.22182,Crabb2022,Journal of Wildlife Management,2022,United States of America,BA,Ursus_americanus,Ursus americanus,Home range,Home range size,Home range size autocorrelated kernel density,Males,All seasons,All seasons,NA,NA,GPS,Wildfire,217000,730,"Final paragraph of results, pg. 12",151000,289800,12200,207600,295400,119900,CI,5,21,NA,NA,99949.4,99949.4,,5,Temperate coniferous forests,Mammalia
10.2193/0091-7648(2004)032[0928:EOWOBB]2.0.CO;2,Cunningham2004,Wildlife Society Bulletin,2004,United States of America,CI,Ursus_americanus,Ursus americanus,Home range,annual home range size,"Annual home range size, minimum convex polygon",Adult males,NA,NA,All seasons,All seasons,VHF,Wildfire,23700,60989,"Figure 2, pg. 933 and Fig 3, pg. 934",6590,7929,5251,5164,5776,4552,SD,8,5,NA,NA,99949.4,99949.4,,5,Temperate coniferous forests,Mammalia
10.1002/jwmg.22182,Crabb2022,Journal of Wildlife Management,2022,United States of America,"Estimated by reviewer, as the approximate mid point of the inset map provided in Figure 1",Ursus_americanus,Ursus americanus,Home range,Home range size,Home range size autocorrelated kernel density,Females,All seasons,All seasons,NA,NA,GPS,Wildfire,217000,730,"Final paragraph of results, pg. 12",18900,0,443000,163700,59700,267600,CI,12,17,NA,NA,99949.4,99949.4,,5,Temperate coniferous forests,Mammalia
