X,Study_ID,Article_DOI,Firstauthor_Year,Journal_Title,Publication_Year,Study_Country,Study_Design,Species_tree,Species,Movement_category,Response_measured,Response_description,Subgroup_description,B_data_collection_season,A_data_collection_season,C_data_collection_season,I_data_collection_season,Tracking_method,Minimum_tracking_period..days.,Mean_tracking_period..days.,Mean_fixes,Minimum_fixes,Impact_fire_type,Impact_fire_season,Impact_fire_characteristics,Impact_fire_size_ha,Maximum_treatment_burn_age_days,Data_source,Mean_Fire,Upper_Fire,Lower_Fire,Mean_Unburned,Upper_Unburned,Lower_Unburned,CI_Type,Comments,Burned_n,Unburned_n,ReptTraits.Max_body_mass_g,AvoNet.Mean_mass_g,BodyMass.g,Phy.body_mass_g,BodyMassComments,biome_no,biome_name,lon,lat,veg_str,climate_zone,code,name,Climate,veg_climate
3,3,NA,Flaherty2020,Herpetological Conservation and Biology,2020,United States of America,CI,Agkistrodon_contortrix,Agkistrodon contortrix,Home range,Home range size,"Mean home range size, estimated using 95% fixed kernel density",Males,NA,NA,Spring/Summer/Fall mid May- early October,Spring/Summer/Fall mid May- early October,VHF,64,108.4,Not provided,Not provided,Planned,Spring & Fall,"Not quantified, authors suggest fires were low intensity. Ignited by dropped incendiaries from helicopter.",1000,3103,"Means, sample size, SEM and mean tracking period calculated from data in Table 3. Pg 155.",11.6,14.3,8.9,22.6,28,17.2,SE,"Means, sample size, SEM and mean tracking period calculated from data in Table 3. Pg 155.",6,12,1248.2,NA,1248.2,NA,,4,Temperate broadleaf and mixed forests,-88.0713731914023,36.8575950134779,closed,14,Cfa,"Temperate, no dry season, hot summer",Temperate,closed_Temperate
4,4,NA,Flaherty2020,Herpetological Conservation and Biology,2020,United States of America,CI,Agkistrodon_contortrix,Agkistrodon contortrix,Linear Distance,Daily distance moved,"Mean daily distance moved. Calculates as ""as the
distance between relocations divided by the number
of days elapsed between relocations"" pg. 152",Males,NA,NA,Spring/Summer/Fall mid May- early October,Spring/Summer/Fall mid May- early October,VHF,65,108.4,Not provided,Not provided,Planned,Spring & Fall,"Not quantified, authors suggest fires were low intensity. Ignited by dropped incendiaries from helicopter.",1000,3103,"Means, sample size, SEM and mean tracking period calculated from data in Table 3. Pg 155.",16,19.3,12.7,15.5,17.3,13.7,SE,"Means, sample size, SEM and mean tracking period calculated from data in Table 3. Pg 155. See calculation sheet.",6,12,1248.2,NA,1248.2,NA,,4,Temperate broadleaf and mixed forests,-88.0713731914023,36.8575950134779,closed,14,Cfa,"Temperate, no dry season, hot summer",Temperate,closed_Temperate
1,1,10.1111/j.1557-9263.2007.00113.x,Cox2007,Journal of Field Ornithology,2007,United States of America,CI,Peucaea_aestivalis,Aimophila aestivalis,Home range,Home range size,"Mean home range size,  quantified using 95% fixed kernel. GPS locations used in home range analysis determined by searching for banded individuals.",Males,NA,NA,Spring/summer,Spring/summer,visual,91,NA,Not provided,Not provided,Planned,Spring/summer,Not provided,Not provided,122,"Paragraph 1 of results, pg 266",1.9,3.5,0.3,2.1,3.2,1,SD,"Home range given in hectares. Authors note some skewness in size, and report medians as well as means.",23,17,NA,NA,18.8,NA,"Winiarski, J.M., Moorman, C.E. and Carpenter, J.P. (2017), Bachman's Sparrows at the northern periphery of their range: home range size and microhabitat selection. J. Field Ornithol., 88: 250-261. https://doi-org.ezproxy.csu.edu.au/10.1111/jofo.12215; Gonzembach, Hans & Wolverton, Heather & Anderson, Rindy. (2022). BA-BA-BACHMAN'S: A NOTE ON SONG PRODUCTION IN JUVENILE BACHMAN'S SPARROWS (Peucaea aestivalis). Florida Field Naturalist 50(3):70–81",5,Temperate coniferous forests,-84,30.75,closed,14,Cfa,"Temperate, no dry season, hot summer",Temperate,closed_Temperate
94,152,10.1007/s13364-014-0184-y,Venter2014,Acta Theriologica,2014,South Africa,CI,Alcelaphus_caama,Alcelaphus buselaphus camaa,Other space use - Time,Mean time spent in habitat type,Mean time spent in habitat type,Males and females,NA,NA,All seasons,All seasons,VHF,122,NA,Not provided,Not provided,Planned,Not provided,"Mutiple burns ignited by poachers, timing not provided",Not provided,1673,"Figure 2, pg. 461",673.2,712.2,634.2,338.4,396.6,280.2,CI,Fires ignited by poachers,7,7,NA,NA,171001.5,NA,From Alcelaphus_buselaphus Phylacine,1,Tropical and subtropical moist broadleaf forests,30,-31.28333333,closed,14,Cfa,"Temperate, no dry season, hot summer",Temperate,closed_Temperate
95,153,10.1007/s13364-014-0184-y,Venter2014,Acta Theriologica,2014,South Africa,CI,Alcelaphus_caama,Alcelaphus buselaphus camaa,Linear distance - Speed,Mean speed (m/hr),Mean speed (m/hr),Males and females,NA,NA,All seasons,All seasons,VHF,122,NA,Not provided,Not provided,Planned,Not provided,"Mutiple burns ignited by poachers, timing not provided",Not provided,1673,"Figure 2, pg. 461",453.66,504.53,402.79,474.56,545.64,403.48,CI,Fires ignited by poachers,7,7,NA,NA,171001.5,NA,From Alcelaphus_buselaphus Phylacine,1,Tropical and subtropical moist broadleaf forests,30,-31.28333333,closed,14,Cfa,"Temperate, no dry season, hot summer",Temperate,closed_Temperate
25,39,10.5962/p.355397,Gasaway1985,Canadian Field-Naturalist,1985,United States of America,BA,Alces_alces,Alces alces,Other space use - Proportion,Percentage of relocations,Percentage of relocations outside the burn perimeter,Unknown,Spring/Summer,Spring/Summer,NA,NA,VHF,NA,NA,Not provided,2,Wildfire,Spring/Summer,"Within the burn area used by moose 75% burned at moderate to high severity, 10% low severity and 15% unburned pg. 136",Not provided,122,"Table 1, pg. 136",0.42,0.497,0.343,0.57,0.656,0.484,SE,"Means and SEM calculated  by reviwer from values in Table 1. May or may not be of use, depending on other space use metrics recorded.",48,68,NA,NA,356998,356998,,6,Boreal forests/taiga,-147.70444444,64.37583333,closed,26,Dfb,"Cold, no dry season, warm summer",Cold,closed_Cold
26,40,10.5962/p.355397,Gasaway1985,Canadian Field-Naturalist,1985,United States of America,BA,Alces_alces,Alces alces,Other space use - Proportion,Percentage of home range area outside burn perimeter,Mean percentage of home range outside the burn perimeter before and after fire,Unknown,Spring/Summer,Spring/Summer,NA,NA,VHF,NA,NA,Not provided,3,Wildfire,Spring/Summer,"Within the burn area used by moose 75% burned at moderate to high severity, 10% low severity and 15% unburned pg. 137",Not provided,152,"Para 1 of results, pg. 137",0.53,0.69,0.37,0.258,0.383,0.133,SE,"May or may not be of use, depending on other space use metrics recorded.",7,11,NA,NA,356998,356998,,6,Boreal forests/taiga,-147.70444444,64.37583333,closed,26,Dfb,"Cold, no dry season, warm summer",Cold,closed_Cold
75,129,10.1139/z89-047,Gasaway1989,Canadian Journal of Zoology,1989,United States of America,BA,Alces_alces,Alces alces,Other space use - Proportion,Percentage of fixes within fire perimeter,Percentage of fixes within fire perimeter,Not provided,Spring,Spring,NA,NA,VHF,Not provided,Not provided,Not provided,Not provided,Wildfire,Spring/Summer,Burn severity ranged from light to severe. Unburned patches within burn perimeter.,50000,1764,"Table 2, pg.327",0.23,0.45,0.01,0.1,0.26,-0.06,SD,"Same moose as Gasaway1985, however this paper investiagted longer term responses (up to 58 months post fire)",6,6,NA,NA,356998,356998,,6,Boreal forests/taiga,-147.70444444,64.37583333,closed,26,Dfb,"Cold, no dry season, warm summer",Cold,closed_Cold
76,130,10.1139/z89-047,Gasaway1989,Canadian Journal of Zoology,1989,United States of America,BA,Alces_alces,Alces alces,Other space use - Proportion,Percentage of fixes within fire perimeter,Percentage of fixes within fire perimeter,Not provided,Summer,Summer,NA,NA,VHF,Not provided,Not provided,Not provided,Not provided,Wildfire,Spring/Summer,Not provided,50000,1764,"Table 2, pg.327",0.41,0.65,0.17,0,0,0,SD,"Same moose as Gasaway1985, however this paper investiagted longer term responses (up to 58 months post fire)",6,6,NA,NA,356998,356998,,6,Boreal forests/taiga,-147.70444444,64.37583333,closed,26,Dfb,"Cold, no dry season, warm summer",Cold,closed_Cold
77,131,10.1139/z89-047,Gasaway1989,Canadian Journal of Zoology,1989,United States of America,BA,Alces_alces,Alces alces,Other space use - Proportion,Percentage of fixes within fire perimeter,Percentage of fixes within fire perimeter,Not provided,Summer/Spring,Summer/Spring,NA,NA,VHF,Not provided,Not provided,Not provided,Not provided,Wildfire,Spring/Summer,Not provided,50000,1764,"Table 2, pg.327",0.55,0.64,0.46,0.17,0.188,0.152,SD,"Same moose as Gasaway1985, however this paper investiagted longer term responses (up to 58 months post fire)",6,6,NA,NA,356998,356998,,6,Boreal forests/taiga,-147.70444444,64.37583333,closed,26,Dfb,"Cold, no dry season, warm summer",Cold,closed_Cold
78,132,10.1139/z89-047,Gasaway1989,Canadian Journal of Zoology,1989,United States of America,BA,Alces_alces,Alces alces,Other space use - Proportion,Percentage of fixes within fire perimeter,Percentage of fixes within fire perimeter,Not provided,Autumn,Autumn,NA,NA,VHF,Not provided,Not provided,Not provided,Not provided,Wildfire,Spring/Summer,Not provided,50000,1764,"Table 2, pg.327",0.08,0.2,-0.04,0,0,0,SD,"Same moose as Gasaway1985, however this paper investiagted longer term responses (up to 58 months post fire)",6,6,NA,NA,356998,356998,,6,Boreal forests/taiga,-147.70444444,64.37583333,closed,26,Dfb,"Cold, no dry season, warm summer",Cold,closed_Cold
79,133,10.1139/z89-047,Gasaway1989,Canadian Journal of Zoology,1989,United States of America,BA,Alces_alces,Alces alces,Other space use - Proportion,Percentage of fixes within fire perimeter,Percentage of fixes within fire perimeter,Not provided,Winter,Winter,NA,NA,VHF,Not provided,Not provided,Not provided,Not provided,Wildfire,Spring/Summer,Not provided,50000,1764,"Table 2, pg.327",0.07,0.23,-0.09,0,0,0,SD,"Same moose as Gasaway1985, however this paper investiagted longer term responses (up to 58 months post fire)",6,6,NA,NA,356998,356998,,6,Boreal forests/taiga,-147.70444444,64.37583333,closed,26,Dfb,"Cold, no dry season, warm summer",Cold,closed_Cold
80,134,10.1139/z89-047,Gasaway1989,Canadian Journal of Zoology,1989,United States of America,BA,Alces_alces,Alces alces,Other space use - Proportion,Percentage of fixes within fire perimeter,Percentage of fixes within fire perimeter,Not provided,Winter/Spring,Winter/Spring,NA,NA,VHF,Not provided,Not provided,Not provided,Not provided,Wildfire,Spring/Summer,Not provided,50000,1764,"Table 2, pg.327",0.1,0.23,-0.03,0.02,0.04,0,SD,"Same moose as Gasaway1985, however this paper investiagted longer term responses (up to 58 months post fire)",6,6,NA,NA,356998,356998,,6,Boreal forests/taiga,-147.70444444,64.37583333,closed,26,Dfb,"Cold, no dry season, warm summer",Cold,closed_Cold
62,96,10.1016/j.foreco.2013.08.032,Pitt2013,Forest Ecology and Management,2013,United States of America,CI,Anaxyrus_americanus,Anaxyrus americanus,Linear Distance,Total distance moved,"Total distance moved, as the distance between locations",Males and females,NA,NA,Winter/Spring,Winter/Spring,VHF,34,69.3,Not provided,Not provided,Planned,Winter,Mean temperature from thermocouples was 170 C +-107.6 C,Not provided,122,"Table 1, pg. 294",457.75,617.23,298.27,1243,1569.74,916.26,SE,"Calculated mean total distance moved, SEM, and tracking period data from Table 1, pg. 294. Used Burn and Control treatments for C and I. Burn treatment site received two prescribed burns before treatment burn, one 9 years pre treatment and another 6 years pre treatment.",12,5,NA,NA,118.7,NA,From AmphBIO,4,Temperate broadleaf and mixed forests,-82.32833333,35.28583333,closed,14,Cfa,"Temperate, no dry season, hot summer",Temperate,closed_Temperate
84,141,NA,Lee2012,Journal of Animal and Veterinary Advances,2012,South Korea,CI,Apodemus_peninsulae,Apodemus peninsulae,Home range,Home range size,"Home range size, 95% minimum convex polygon",Males and females,NA,NA,Autumn,Autumn,VHF,NA,NA,20,20,Unclear,Summer,All trees in burn area damaged or dead,Not provided,3407,"Table 4, pg. 3837",0.9152,1.1723,0.6581,0.1658,0.168872,0.1359,SE,"Fire treatment confounded with replanting post fire, as well as post fire silvicultural practices (removing trees and coarse woody debris, as well as understorey cover).",6,5,NA,NA,32.9,32.9,,4,Temperate broadleaf and mixed forests,128.3,37.21666667,closed,21,Dwa,"Cold, dry winter, hot summer",Cold,closed_Cold
85,142,NA,Lee2012,Journal of Animal and Veterinary Advances,2012,South Korea,CI,Apodemus_peninsulae,Apodemus peninsulae,Home range,Home range size,"Home range size, 95% minimum convex polygon",Males and females,NA,NA,Winter,Winter,VHF,NA,NA,20,20,Unclear,Summer,All trees in burn area damaged or dead,Not provided,3407,"Table 4, pg. 3837",0.147825,0.1891586,0.1064914,0.012585,0.015657,0.009513,SE,"Fire treatment confounded with replanting post fire, as well as post fire silvicultural practices (removing trees and coarse woody debris, as well as understorey cover).",6,6,NA,NA,32.9,32.9,,4,Temperate broadleaf and mixed forests,128.3,37.21666667,closed,21,Dwa,"Cold, dry winter, hot summer",Cold,closed_Cold
86,143,NA,Lee2012,Journal of Animal and Veterinary Advances,2012,South Korea,CI,Apodemus_peninsulae,Apodemus peninsulae,Home range,Home range size,"Home range size, 95% minimum convex polygon",Males and females,NA,NA,Spring,Spring,VHF,NA,NA,20,20,Unclear,Summer,All trees in burn area damaged or dead,Not provided,3407,"Table 4, pg. 3837",0.725925,0.946553,0.505297,0.201409,0.243279,0.159539,SE,"Fire treatment confounded with replanting post fire, as well as post fire silvicultural practices (removing trees and coarse woody debris, as well as understorey cover).",6,6,NA,NA,32.9,32.9,,4,Temperate broadleaf and mixed forests,128.30000001,37.21666667,closed,21,Dwa,"Cold, dry winter, hot summer",Cold,closed_Cold
87,144,NA,Lee2012,Journal of Animal and Veterinary Advances,2012,South Korea,CI,Apodemus_peninsulae,Apodemus peninsulae,Home range,Home range size,"Home range size, 95% minimum convex polygon",Males and females,NA,NA,Summer,Summer,VHF,NA,NA,20,20,Unclear,Summer,All trees in burn area damaged or dead,Not provided,3407,"Table 4, pg. 3837",0.382525,0.501335,0.263715,0.092124,0.113844,0.070404,SE,"Fire treatment confounded with replanting post fire, as well as post fire silvicultural practices (removing trees and coarse woody debris, as well as understorey cover).",5,5,NA,NA,32.9,32.9,,4,Temperate broadleaf and mixed forests,128.30000002,37.21666667,closed,21,Dwa,"Cold, dry winter, hot summer",Cold,closed_Cold
88,145,NA,Lee2012,Journal of Animal and Veterinary Advances,2012,South Korea,CI,Apodemus_peninsulae,Apodemus peninsulae,Linear distance - Speed,Movement distance (m/hour),Movement distance (m/hour),Males and females,NA,NA,Autumn,Autumn,VHF,NA,NA,20,20,Unclear,Summer,All trees in burn area damaged or dead,Not provided,3407,"Table 2, pg. 3836",48.28,2619.28,-2522.72,12.2,14.65,9.75,SE,"Fire treatment confounded with replanting post fire, as well as post fire silvicultural practices (removing trees and coarse woody debris, as well as understorey cover).",6,5,NA,NA,32.9,32.9,,4,Temperate broadleaf and mixed forests,128.30000003,37.21666667,closed,21,Dwa,"Cold, dry winter, hot summer",Cold,closed_Cold
89,146,NA,Lee2012,Journal of Animal and Veterinary Advances,2012,South Korea,CI,Apodemus_peninsulae,Apodemus peninsulae,Linear distance,Movement distance (m/hour),Movement distance (m/hour),Males and females,NA,NA,Winter,Winter,VHF,NA,NA,20,20,Unclear,Summer,All trees in burn area damaged or dead,Not provided,3407,"Table 4, pg. 3837",5.4,5.63,5.17,3.09,3.33,2.85,SE,"Fire treatment confounded with replanting post fire, as well as post fire silvicultural practices (removing trees and coarse woody debris, as well as understorey cover).",6,6,NA,NA,32.9,32.9,,4,Temperate broadleaf and mixed forests,128.30000004,37.21666667,closed,21,Dwa,"Cold, dry winter, hot summer",Cold,closed_Cold
90,147,NA,Lee2012,Journal of Animal and Veterinary Advances,2012,South Korea,CI,Apodemus_peninsulae,Apodemus peninsulae,Linear distance,Movement distance (m/hour),Movement distance (m/hour),Males and females,NA,NA,Spring,Spring,VHF,NA,NA,20,20,Unclear,Summer,All trees in burn area damaged or dead,Not provided,3407,"Table 4, pg. 3837",25.23,26.95,23.51,15.29,16.89,13.69,SE,"Fire treatment confounded with replanting post fire, as well as post fire silvicultural practices (removing trees and coarse woody debris, as well as understorey cover).",6,6,NA,NA,32.9,32.9,,4,Temperate broadleaf and mixed forests,128.30000005,37.21666667,closed,21,Dwa,"Cold, dry winter, hot summer",Cold,closed_Cold
91,148,NA,Lee2012,Journal of Animal and Veterinary Advances,2012,South Korea,CI,Apodemus_peninsulae,Apodemus peninsulae,Linear distance,Movement distance (m/hour),Movement distance (m/hour),Males and females,NA,NA,Summer,Summer,VHF,NA,NA,20,20,Unclear,Summer,All trees in burn area damaged or dead,Not provided,3407,"Table 4, pg. 3837",19.44,22.49,16.39,6.55,6.91,6.19,SE,"Fire treatment confounded with replanting post fire, as well as post fire silvicultural practices (removing trees and coarse woody debris, as well as understorey cover).",5,5,NA,NA,32.9,32.9,,4,Temperate broadleaf and mixed forests,128.30000006,37.21666667,closed,21,Dwa,"Cold, dry winter, hot summer",Cold,closed_Cold
21,29,10.1071/WR00054,Vernes2001,Wildlife Research,2001,Australia,BA,Bettongia_tropica,Bettongia tropica,Home range,Nest area size,"Nest area, 100% Minimum Convex Polygon",Males and females,Spring/Summer/Autumn,Spring/Summer/Autumn,NA,NA,VHF,274,377,6.5,4,Planned,Summer,"Low/moderate intensity, experimental",2000,152,"Table 2, pg. 144",7.46,9.71,5.21,2.05,2.57,1.53,SE,"Mean nest areas calculated by reviewers from data in Table 2 pg. 144 using period 1 and period 3, excluding animals with insufficent number of fixes. In the before means, animals whose nest areas were not affected by fire were included. They were excluded in the after calculations. 0.0 values were excluded for both before and after mean calculations. Tracking data calculated by reviwers from fixes and months provided in Table 2, pg. 144. Nest areas included in mean area calculations were determined by Incremental Area Analysis by authors, and only those that approached asymptote considered as sufficent data by authors.",5,8,NA,NA,1200,1200,,7,"Tropical and subtropical grasslands, savannas, and shrublands",145.58333,-17.01667,open,11,Cwa,"Temperate, dry winter, hot summer",Temperate,open_Temperate
81,135,NA,Shaw1990,Wildlife Society Bulletin,1990,United States of America,BA,Bison_bison,Bison bison,Other space use - Proportion,Mean monthly percentage of observations within burn area,Mean monthly percentage of observations within burn area,Cows and calves,Summer,Summer,NA,NA,Visual,NA,NA,Not provided,Not provided,Planned,Winter,Not provided,1860,183,"Mean and SE calculated by reviwer from values in Table 1, pg. 428",0.4549,0.5485,0.3613,0.0913,0.1199,0.0627,SE,"Unsure RE inclusion in meta analysis due to sample size. SEM calculated by reviers from data in table 1, pg. 428. Sample size is the number of months used to calculate the mean monthly percentage",3,3,NA,NA,579255.3,579255.3,,8,"Temperate grasslands, savannas, and shrublands",-101,35,open,7,BSk,"Arid, steppe, cold",Arid,open_Arid
54,81,10.1002/ajp.20644,Jaffe2009,American Journal of Primatology,2008,Kenya,CI,Chlorocebus_aethiops,Cercopithecus aethiops,Linear Distance,Distance travelled/30 mins,Distance travelled/30 mins,Group of vervet monkeys,NA,NA,Autumn/Winter,Autumn/Winter,Visual,NA,NA,Not provided,Not provided,Wildfire,Autumn,"Fire largely undescribed by authors. Prefire grass height 20-93cm and post fire 0-5cm. Pre and post fire photos (Fig 1, pg 255) of the habitat indicate most of the grass layer was consumed, as well as consumption and sorching of shrublayer",Not provided,60,"Ranging Behaviour and Rate of Movement section of results, last paragraph pg. 256",75.7,85.8,65.6,46.6,51.1,42.1,SE,Sample sizes are taken from sampling of focal individuals.,11,23,NA,NA,3975,3975,,7,"Tropical and subtropical grasslands, savannas, and shrublands",36.83333333,0.25,open,9,Csb,"Temperate, dry summer, warm summer",Temperate,open_Temperate
55,80,10.1002/ajp.20644,Jaffe2009,American Journal of Primatology,2008,Kenya,CI,Chlorocebus_aethiops,Cercopithecus aethiops,Linear Distance,Maximum daily distance,Maximum daily distance (m),Group of vervet monkeys,NA,NA,Autumn/Winter,Autumn/Winter,Visual,NA,NA,Not provided,Not provided,Wildfire,Autumn,"Fire largely undescribed by authors. Prefire grass height 20-93cm and post fire 0-5cm. Pre and post fire photos (Fig 1, pg 255) of the habitat indicate most of the grass layer was consumed, as well as consumption and sorching of shrublayer",Not provided,60,"Ranging Behaviour and Rate of Movement section of results, paragraph 2 pg. 255",188.5,226.4,150.6,54.3,59.9,48.7,SE,"Sample sizes are the number of days, not individual monkeys.",11,12,NA,NA,3975,3975,,7,"Tropical and subtropical grasslands, savannas, and shrublands",36.83333333,0.25,open,9,Csb,"Temperate, dry summer, warm summer",Temperate,open_Temperate
56,82,10.1002/ajp.20644,Jaffe2009,American Journal of Primatology,2008,Kenya,BA,Chlorocebus_aethiops,Cercopithecus aethiops,Linear Distance,Maximum daily distance,Maximum daily distance (m),Group of vervet monkeys,,,NA,NA,Visual,NA,NA,Not provided,Not provided,Wildfire,Autumn,"Fire largely undescribed by authors. Prefire grass height 20-93cm and post fire 0-5cm. Pre and post fire photos (Fig 1, pg 255) of the habitat indicate most of the grass layer was consumed, as well as consumption and sorching of shrublayer",Not provided,60,"Ranging Behaviour and Rate of Movement section of results, paragraph 2 pg. 255",188.5,228.2,148.8,54.3,59.9,48.7,SE,"Sample sizes are the number of days, not individual monkeys. Mean values and SEMs are the same as reported for CI, but ranges are different - unsure these are true values, or a copy/paste mistake.",17,38,NA,NA,3975,3975,,7,"Tropical and subtropical grasslands, savannas, and shrublands",36.83333333,0.25,open,9,Csb,"Temperate, dry summer, warm summer",Temperate,open_Temperate
99,172,NA,Griffiths1994,Masters Thesis,1994,Australia,CI,Chlamydosaurus_kingii,Chlamydosaurus kingii,Home range,"Home range size, Minimum convex polygon","Home range size, Minimum convex polygon",Males,NA,NA,Autumn/Winter/Spring,Autumn/Winter/Spring,VHF,NA,NA,Not provided,8,Planned,Autum/Winter,"Low intensity, limited upper canopy scorch. Left patches of unburned ground vegetation, pg. 48",Not provided,122,"Home range section of results, pg. 107, Table 4.4, pg. 109",2.91,3.99,1.83,0.66,0.91,0.91,SE,Early season burn group selected as impact treatment due to smaller sample size of late season burn group (n=4). ,7,5,912,NA,912,NA,,7,"Tropical and subtropical grasslands, savannas, and shrublands",132.43333333,-12.71666667,open,3,Aw,"Tropical, savannah",Tropical,open_Tropical
100,173,NA,Griffiths1994,Masters Thesis,1994,Australia,CI,Chlamydosaurus_kingii,Chlamydosaurus kingii,Linear Distance,Mean distance of each location from the geometric centre of the home range ,Mean distance of each location from the geometric centre of the home range ,Males,NA,NA,Autumn/Winter/Spring,Autumn/Winter/Spring,VHF,NA,NA,Not provided,8,Planned,Autum/Winter,"Low intensity, limited upper canopy scorch. Left patches of unburned ground vegetation, pg. 49",Not provided,122,"Home range section of results, pg. 110, Table 4.4, pg. 109",92.49,107.19,77.79,39.74,47.75,31.73,SE,Early season burn group selected as impact treatment due to smaller sample size of late season burn group (n=4). ,7,5,912,NA,912,NA,,7,"Tropical and subtropical grasslands, savannas, and shrublands",132.43333333,-12.71666667,open,3,Aw,"Tropical, savannah",Tropical,open_Tropical
52,71,10.1139/cjz-2023-0100,Delay2020,Canadian Journal of Zoology,2024,Canada,CI,Clemmys_guttata,Clemmys guttata,Home range,Home range size,Home range size 100% minimum convex polygon,Males and females,NA,NA,Spring/Summer/Autumn,Spring/Summer/Autumn,VHF,NA,NA,9.4,Not provided,Wildfire,Not provided,Not provided,1900,1460,"Home range section of Results, pg. 129",9,15.5,2.5,7.8,16.7,-1.1,SE,"Animals not tracked in winter at control site due to inaccessability. Mean fixes calculated by averaging the mean number of relocations per individual (Table A1), this does include individuals from a treatment third site (undistributed site) that data has not been extracted from. Exact date of fire not given, but occured sometime during windfarm construction (2017-2019), and maximum treatment age assumes fire was in 2017. Used windfarm as control, to control for distrubance of windfarms and windfarm and burnt area.",9,9,305,NA,305,NA,,4,Temperate broadleaf and mixed forests,-75.5394702329814,44.7620203581771,closed,26,Dfb,"Cold, no dry season, warm summer",Cold,closed_Cold
53,72,10.1139/cjz-2023-0100,Delay2020,Canadian Journal of Zoology,2024,Canada,CI,Clemmys_guttata,Clemmys guttata,Linear Distance,Minimum Daily distance moved,"Annual Minimum daily distance moved, estimated by calculated straight line distances between fixes, divided by the number of days between fixes",Males and females,NA,NA,Spring/Summer/Autumn,Spring/Summer/Autumn,VHF,NA,NA,9.4,Not provided,Wildfire,Not provided,Not provided,1900,1460,"DMM Section of results, pg. 129",15,21.6,8.4,13.8,19.7,7.9,SE,"Animals not tracked in winter at control site due to inaccessability. Mean fixes calculated by averaging the mean number of relocations per individual (Table A1), this does include individuals from a treatment third site (undistributed site) that data has not been extracted from. Exact date of fire not given, but occured sometime during windfarm construction (2017-2019), and maximum treatment age assumes fire was in 2017.",9,9,305,NA,305,NA,,4,Temperate broadleaf and mixed forests,-75.5394702329814,44.7620203581771,closed,26,Dfb,"Cold, no dry season, warm summer",Cold,closed_Cold
27,41,10.1016/j.rama.2016.08.006,Carroll2017,Rangeland Ecology and Management,2017,United States of America,CI,Colinus_virginianus,Colinus virginianus,Home range,Home range size,Mean home range 95% Kernel density,Males and females,Autumn/Winter,Autum/Winter,NA,NA,VHF,NA,NA,42.2,20,Planned,Winter/Spring,Planned burns occurred at same time in 2013 and 2014. Mean size 254.3 ha (+/- 33.7 ha) of pastures burnt during 2013 and 2014,3193,365,"Means and SEM from Convey Home Range Section of Results, para 1 pg. 178. Sample sizes from caption of Figure 2.",85,100.53,69.47,78.91,85.46,72.37,SE,"Fire impact size calculated as sum of 2013 and 2014 burns (pg. 176). Grazing occurred across study area from April to August, applied to control and impact treatments. 3 time since fire groups (0-12, 13-24 and >36 months) no difference in covey HR, however 25-36 months HR size was significantly smaller than >36 months group pg. 178.",6,32,NA,171.9,171.9,NA,,8,"Temperate grasslands, savannas, and shrublands",-99.7212240455708,35.8981817848328,open,14,Cfa,"Temperate, no dry season, hot summer",Temperate,open_Temperate
82,137,10.1017/S1367943003003305,Brisson2003,Animal Conservation,2003,United States of America,CI,Crotaphytus_collaris,Crotaphytus collaris,Linear distance,mean dispersal distance,"mean dispersal distance, including within glade and between glade dispersal movements","Males and females, hatchlings to adults",NA,NA,"Spring, Summer and Autumn","Spring, Summer and Autumn",Visual,NA,NA,Not provided,Not provided,Planned,not provided,not provided,not provided,365,"Table 2, pg. 251",380,752,8,210,357,63,SD,Sample sizes the total number of dispersals.,23,11,61.7,NA,61.7,NA,,4,Temperate broadleaf and mixed forests,-90.7376064250026,37.5667383622737,closed,14,Cfa,"Temperate, no dry season, hot summer",Temperate,closed_Temperate
101,174,NA,Chavarria2013,PhD Thesis,2013,United States of America,BA,Cyrtonyx_montezumae,Cyrtonix montezumae,Linear Distance,Mean Maximum distance moved,Mean Maximum distance moved,Adult and juvenille males and females,"Winter, Spring, Summer","Winter, Spring, Summer",NA,NA,VHF,4,43.8,21.8,4,Wildfire,Spring,Not provided,Not provided,456,"Tracking data from Table 3.1, pg. 42. Movement metrics from Table 3.3, pg. 47",445,624.3,265.7,1128.4,1747.9,508.9,SE,"Fire occurred in May 2009, 5 months into the Jan - Aug tracking season. Used data collected from quails at Research Ranch, with 2009 as before and 2010 as after.",19,24,NA,NA,185.4,NA,Cyrtonix spelt as Cytrtonyx in Avonet,13,Deserts and xeric shrublands,-110.506175789616,31.5904022159315,open,7,BSk,"Arid, steppe, cold",Arid,open_Arid
102,175,NA,Chavarria2014,PhD Thesis,2013,United States of America,BA,Cyrtonyx_montezumae,Cyrtonix montezumae,Linear Distance,Mean distance between observations,Mean distance between observations,Adult and juvenille males and females,"Winter, Spring, Summer","Winter, Spring, Summer",NA,NA,VHF,4,43.8,21.8,4,Wildfire,Spring,Not provided,Not provided,456,"Tracking data from Table 3.1, pg. 42. Movement metrics from Table 3.3, pg. 47",156,217.8,94.2,239.2,486,-7.6,SE,"Fire occurred in May 2009, 5 months into the Jan - Aug tracking season. Used data collected from quails at Research Ranch, with 2009 as before and 2010 as after.",19,24,NA,NA,185.4,NA,Cyrtonix spelt as Cytrtonyx in Avonet,13,Deserts and xeric shrublands,-110.506175789616,31.5904022159315,open,7,BSk,"Arid, steppe, cold",Arid,open_Arid
103,176,NA,Chavarria2015,PhD Thesis,2013,United States of America,BA,Cyrtonyx_montezumae,Cyrtonix montezumae,Linear Distance,Mean distance between first and last observation,Mean distance between first and last observation,Adult and juvenille males and females,"Winter, Spring, Summer","Winter, Spring, Summer",NA,NA,VHF,4,43.8,21.8,4,Wildfire,Spring,Not provided,Not provided,456,"Tracking data from Table 3.1, pg. 42. Movement metrics from Table 3.3, pg. 47",227.4,359.2,95.6,676.8,1210.5,143.1,SE,"Fire occurred in May 2009, 5 months into the Jan - Aug tracking season. Used data collected from quails at Research Ranch, with 2009 as before and 2010 as after.",19,24,NA,NA,185.4,NA,Cyrtonix spelt as Cytrtonyx in Avonet,13,Deserts and xeric shrublands,-110.506175789616,31.5904022159315,open,7,BSk,"Arid, steppe, cold",Arid,open_Arid
104,177,NA,Chavarria2016,PhD Thesis,2013,United States of America,BA,Cyrtonyx_montezumae,Cyrtonix montezumae,Home range,"Utilisation distribution, fixed kernel density 95%","Utilisation distribution, fixed kernel density 95%",Adult and juvenille males and females,"Winter, Spring, Summer","Winter, Spring, Summer",NA,NA,VHF,4,43.8,21.8,4,Wildfire,Spring,Not provided,Not provided,456,"Tracking data from Table 3.1, pg. 42. Movement metrics from Table 3.2, pg. 43",21.9,34,9.8,107,203.5,10.5,SE,"Fire occurred in May 2009, 5 months into the Jan - Aug tracking season. Used data collected from quails at Research Ranch, with 2009 as before and 2010 as after.",19,24,NA,NA,185.4,NA,Cyrtonix spelt as Cytrtonyx in Avonet,13,Deserts and xeric shrublands,-110.506175789616,31.5904022159315,open,7,BSk,"Arid, steppe, cold",Arid,open_Arid
50,69,10.1080/15627020.2008.11407405,Yarnell2008,African Zoology,2008,South Africa,BA,Elephantulus_brachyrhynchus,Elephantulus brachyrhynchus,Home range,Home range,Home range size,Males and females,Winter,Winter,NA,NA,VHF,NA,NA,59.5,20,Planned,Winter,"Consumed the grass layer, did not consume shrub tickets, with some burning around the edges pg. 48",Not provided,7,"Table 1, pg. 48",0.18,0.25,0.11,0.24,0.3,0.18,SE,Animals tracked for 3 weeks before fire and 1 week post fire,9,9,NA,NA,47.5,47.5,,7,"Tropical and subtropical grasslands, savannas, and shrublands",27.3,-25.21666667,open,6,BSh,"Arid, steppe, hot",Arid,open_Arid
51,70,10.1080/15627020.2008.11407405,Yarnell2008,African Zoology,2008,South Africa,BA,Elephantulus_brachyrhynchus,Elephantulus brachyrhynchus,Linear Distance,Straight line distance (m),Straight line distance between successive fixes pg. 47,Males and females,Winter,Winter,NA,NA,VHF,NA,NA,Not provided,Not provided,Planned,Winter,"Consumed the grass layer, did not consume shrub tickets, with some burning around the edges pg. 49",Not provided,7,"Figure 1, pg. 49",12.08,14.41,9.75,16.24,18.1,14.38,SE,Animals tracked for 3 weeks before fire and 1 week post fire. Data extracted from Fig 1 using web plot digitiser,9,9,NA,NA,47.5,47.5,,7,"Tropical and subtropical grasslands, savannas, and shrublands",27.3,-25.21666667,open,6,BSh,"Arid, steppe, hot",Arid,open_Arid
92,150,10.1007/s13364-014-0184-y,Venter2014,Acta Theriologica,2014,South Africa,CI,Equus_burchellii,Equus burchelli,Other space use - Time,Mean time spent in habitat type,Mean time spent in habitat type,Males and females,NA,NA,All seasons,All seasons,VHF,122,NA,Not provided,Not provided,Planned,Not provided,"Mutiple burns ignited by poachers, timing not provided",Not provided,1673,"Figure 2, pg. 461",627,654,600,252.6,309,196.2,CI,Fires ignited by poachers,7,7,NA,NA,175000,NA,E. quagga in Phylacine,1,Tropical and subtropical moist broadleaf forests,30,-31.28333333,closed,14,Cfa,"Temperate, no dry season, hot summer",Temperate,closed_Temperate
93,151,10.1007/s13364-014-0184-y,Venter2014,Acta Theriologica,2014,South Africa,CI,Equus_burchellii,Equus burchelli,Linear distance,Mean speed (m/hr),Mean speed (m/hr),Males and females,NA,NA,All seasons,All seasons,VHF,122,NA,Not provided,Not provided,Planned,Not provided,"Mutiple burns ignited by poachers, timing not provided",Not provided,1673,"Figure 2, pg. 461",1041.81,1076.65,1006.97,1114.98,1188.15,1041.81,CI,Fires ignited by poachers,7,7,NA,NA,175000,NA,E. quagga in Phylacine,1,Tropical and subtropical moist broadleaf forests,30,-31.28333333,closed,14,Cfa,"Temperate, no dry season, hot summer",Temperate,closed_Temperate
5,9,10.1046/j.1365-2028.2000.00256.x,Jansen2000,African Journal of Ecology,2000,South Africa,CI,Francolinus_levaillantii,Francolinus levaillantii,Home range,Home range size,Mean home range size 95% kernel analysis,Not provided,NA,NA,Autumn,Autumn,VHF,10,10,Not provided,31,Planned,Not provided,Annual prescribed burned,Not provided,365,"Table 1, pg. 332",7.6,8.92,6.28,9.29,13.38,5.2,SE,"SEM caculated by reviwers from Table 1, pg. 332. Tracking data from Table 2. All birds tracked for 10 days. Impact site confounded with intense grazing. Both sites are grassland sites, although there is difference in land use, protected area (control) vs commerical grazing (impact).",5,5,NA,NA,430.9,NA,As Scleroptila levaillantii in Avonet,10,Montane grasslands and shrublands,30.16667,-25.35,open,12,Cwb,"Temperate, dry winter, warm summer",Temperate,open_Temperate
63,102,10.1071/WF18147,Lovich2018,International Journal of Wildland Fire,2018,United States of America,BA,Gopherus_agassizii,Gopherus agassizii,Home range,Activity Area size,"Annual Activity Area, minimum convex polygon",Adults,All seasons,All seasons,NA,NA,VHF,NA,NA,Not provided,4,Wildfire,Summer & Autumn,"2 fires, both Ignited accidentally by wind turbines, one in summer another in autumn. Summer fire larger (152 ha vs 6.5 ha)",158.5,243,"Table 1, pg. 853",0.845655,1.232666,0.458644,3.827236,6.022582,1.63189,SE,"Tracking effort varied seasonally, with increased effort in nesting season Spring/Summer",8,8,10956,NA,10956,NA,,13,Deserts and xeric shrublands,-116.667361298252,33.9461538437442,open,6,BSh,"Arid, steppe, hot",Arid,open_Arid
64,103,10.1071/WF18147,Lovich2018,International Journal of Wildland Fire,2018,United States of America,CI,Gopherus_agassizii,Gopherus agassizii,Other space use - Proportion,Percentage of Activity area overlap between years,Percentage of Activity area overlap between years,Adults,NA,NA,All seasons,All seasons,VHF,NA,NA,Not provided,4,Wildfire,Summer & Autumn,"2 fires, both Ignited accidentally by wind turbines, one in summer another in autumn. Summer fire larger (152 ha vs 6.5 ha)",158.5,243,"Table 1, pg. 853",0.378,0.481,0.275,0.334,0.444,0.224,SE,"Tracking effort varied seasonally, with increased effort in nesting season Spring/Summer. Means and SEM calculated by reviewers. ",8,6,10956,NA,10956,NA,,13,Deserts and xeric shrublands,-116.667361298252,33.9461538437442,open,6,BSh,"Arid, steppe, hot",Arid,open_Arid
24,34,10.2193/2006-337,Yager2007,Journal of Wildlife Management,2007,United States of America,CI,Gopherus_polyphemus,Gopherus polyphemus,Home range,Home range size,Home range size 95% kernel estimate,Males and females,NA,NA,All seasons,All seasons,VHF,300,696,Not provided,Not provided,Planned,Winter & Spring,"Burns at impact sites occurred in Jan and Feb 2002, and April 2003",Not provided,730,"Table 2, pg. 431",1.02,1.73,0.31,1.16,2.8,-0.48,SD,"All sites centred on cleared training firing points, with a 200 m buffer of forest.",20,20,10008,NA,10008,NA,,5,Temperate coniferous forests,-89.2140852316057,31.2007949344736,closed,14,Cfa,"Temperate, no dry season, hot summer",Temperate,closed_Temperate
74,127,NA,Lang2002,The Auk,2002,United States of America,CI,Hylocichla_mustelina,Hylocichla mustelina,Linear Distance,mean distance (m) from capture site before dispersal,mean distance (m) from capture site before dispersal,juvenilles,NA,NA,Spring/Summer,Spring/Summer,VHF,NA,NA,Not provided,Not provided,Planned,Winter,"Planned burns occur every 3 to 5 years, in ~50 ha plots",Not provided,365,"Table 4, pg. 117",309,334,284,161,172,150,SE,"Fire treatment confounded with thinning treatment, thinning treatment aims to ""maintain a of  basal area of 11 to 18 m2 / ha."" pg. 111 . Used 1995 treatment group, as too few replicates to compare as BACI",5,8,NA,50.1,50.1,NA,,4,Temperate broadleaf and mixed forests,-83.7130971067461,33.0987530545555,closed,14,Cfa,"Temperate, no dry season, hot summer",Temperate,closed_Temperate
73,119,10.1139/cjz-2018-0222,Hutchen2019,Canadian Journal of Zoology,2019,Canada,CI,Lepus_americanus,Lepus americanus,Tortuosity,Pathway tortuosity,"Direction of effect: lower values = greater tortuosity, higher values = less tortusity. Mean pathway tortuosity, with 1 = straighline, estimated using a fixed step random walk model",Not provided,NA,NA,Winter,Winter,Visual,NA,NA,Not provided,Not provided,Wildfire,Summer,"""Rank 6 crown fire"" pg. 447 Most damaging wildfire rating in BC",25635,4745,"Hare movements in the different stand types section of results, paragraph 1, pg. 449",0.59,0.76,0.42,0.54,0.82,0.26,SE,"Three treatment groups investigated, data from mature (control) and open (impact).",11,16,NA,NA,1710,1710,,5,Temperate coniferous forests,-119.596870812616,49.7220588404915,closed,26,Dfb,"Cold, no dry season, warm summer",Cold,closed_Cold
20,27,0.1002/wsb.536,Everitts2015,Wildlife Society Bulletin,2015,United States of America,CI,Limnothlypis_swainsonii,Limnothlypis swainsonii,Home range,Home range size,Home range size 95% fixed kernel,Males,NA,NA,Spring/Summer,Spring/Summer,VHF,5,NA,47.3,26,Planned,Winter,"Low intensity, ignited with drip torches",2051,517,Abstract,14.4,17.9,10.9,8.5,9.6,7.4,SE,"Two prescribed burns occurred during the study period, the first in winter 2007 and the second in winter 2009. Impact fire size calculated by reviewers as sum of both fire sizes. Mean fixes calculated by reviewer by averaging the mean number of fixes for 2008 and 2009.",13,27,NA,18.9,18.9,NA,,4,Temperate broadleaf and mixed forests,-90.6680811767709,34.6573276322919,closed,14,Cfa,"Temperate, no dry season, hot summer",Temperate,closed_Temperate
105,178,NA,Thompson1993,PhD Thesis,1993,United States of America,CI,Meleagris_gallopavo_merriami,Meleagris gallopavo merriami,Linear Distance,Distances between winter areas in consecuitive years,Distances between winter areas in consecuitive years,subadult females,NA,NA,Winter,Winter,VHF,Not provided,Not provided,Not provided,Not provided,Wildfire,Summer,"Burned created mosaic of burned and unburned habitat, burn severity light to severe.",20920,1278,"Table 6, pg 28",4600,5100,4100,20700,26600,14800,SD,"Control treatment partly confounded by logging for fuel reduction (437 ha of 2150 ha control area in the 10 years preceeding the study). Long Pines is the control site, and Ekalaka Hills is the impact site.",7,6,NA,NA,5791.4,NA,From Meleagris gallopavo in AvoNet,8,"Temperate grasslands, savannas, and shrublands",-105.998565272602,45.5006621025776,open,7,BSk,"Arid, steppe, cold",Arid,open_Arid
106,179,NA,Thompson1994,PhD Thesis,1993,United States of America,CI,Meleagris_gallopavo_merriami,Meleagris gallopavo merriami,Home range,"Spring/fall home range sizes, minimum convex polygon","Spring/fall home range sizes, minimum convex polygon",Males,NA,NA,Spring/fall,Spring/fall,VHF,Not provided,Not provided,Not provided,Not provided,Wildfire,Summer,"Burned created mosaic of burned and unburned habitat, burn severity light to severe.",20920,1278,"Table 13, pg 43",2480,4980,-20,530,1060,0,SD,"Control treatment partly confounded by logging for fuel reduction (437 ha of 2150 ha control area in the 10 years preceeding the study). Long Pines is the control site, and Ekalaka Hills is the impact site.",15,9,NA,NA,5791.4,NA,From Meleagris gallopavo in AvoNet,8,"Temperate grasslands, savannas, and shrublands",-105.998565272602,45.5006621025776,open,7,BSk,"Arid, steppe, cold",Arid,open_Arid
107,180,NA,Thompson1995,PhD Thesis,1993,United States of America,CI,Meleagris_gallopavo_merriami,Meleagris gallopavo merriami,Home range,"Spring/fall home range sizes, minimum convex polygon","Spring/fall home range sizes, minimum convex polygon",Female,NA,NA,Spring/fall,Spring/fall,VHF,Not provided,Not provided,Not provided,Not provided,Wildfire,Summer,"Burned created mosaic of burned and unburned habitat, burn severity light to severe.",20920,1278,"Table 13, pg 43",1130,3120,-860,560,1100,20,SD,"Control treatment partly confounded by logging for fuel reduction (437 ha of 2150 ha control area in the 10 years preceeding the study). Long Pines is the control site, and Ekalaka Hills is the impact site.",25,18,NA,NA,5791.4,NA,From Meleagris gallopavo in AvoNet,8,"Temperate grasslands, savannas, and shrublands",-105.998565272602,45.5006621025776,open,7,BSk,"Arid, steppe, cold",Arid,open_Arid
108,181,NA,Thompson1996,PhD Thesis,1993,United States of America,CI,Meleagris_gallopavo_merriami,Meleagris gallopavo merriami,Linear Distance,Mean daily linear distances travelled,Mean daily linear distances travelled,Males,NA,NA,Spring/fall,Spring/fall,VHF,Not provided,Not provided,Not provided,Not provided,Wildfire,Summer,"Burned created mosaic of burned and unburned habitat, burn severity light to severe.",20920,1278,"Table 13, pg 43",2300,2900,1700,1600,2500,700,SD,"Control treatment partly confounded by logging for fuel reduction (437 ha of 2150 ha control area in the 10 years preceeding the study). Long Pines is the control site, and Ekalaka Hills is the impact site.",15,9,NA,NA,5791.4,NA,From Meleagris gallopavo in AvoNet,8,"Temperate grasslands, savannas, and shrublands",-105.998565272602,45.5006621025776,open,7,BSk,"Arid, steppe, cold",Arid,open_Arid
109,182,NA,Thompson1997,PhD Thesis,1993,United States of America,CI,Meleagris_gallopavo_merriami,Meleagris gallopavo merriami,Linear Distance,Mean daily linear distances travelled,Mean daily linear distances travelled,Females,NA,NA,Spring/fall,Spring/fall,VHF,Not provided,Not provided,Not provided,Not provided,Wildfire,Summer,"Burned created mosaic of burned and unburned habitat, burn severity light to severe.",20920,1278,"Table 13, pg 43",1700,3000,400,1200,2100,300,SD,"Control treatment partly confounded by logging for fuel reduction (437 ha of 2150 ha control area in the 10 years preceeding the study). Long Pines is the control site, and Ekalaka Hills is the impact site.",25,18,NA,NA,5791.4,NA,From Meleagris gallopavo in AvoNet,8,"Temperate grasslands, savannas, and shrublands",-105.998565272602,45.5006621025776,open,7,BSk,"Arid, steppe, cold",Arid,open_Arid
110,183,NA,Thompson1998,PhD Thesis,1993,United States of America,CI,Meleagris_gallopavo_merriami,Meleagris gallopavo merriami,Linear Distance,Straight line distance (km) between winter home range centres and nest site,Straight line distance (km) between winter home range centres and nest site,Adult females,NA,NA,Spring/Winter,Spring/Winter,VHF,Not provided,Not provided,Not provided,Not provided,Wildfire,Summer,"Burned created mosaic of burned and unburned habitat, burn severity light to severe.",20920,1278,"Table 24, pg. 59",5200,11800,-1400,4700,7000,2400,SD,"Control treatment partly confounded by logging for fuel reduction (437 ha of 2150 ha control area in the 10 years preceeding the study). Long Pines is the control site, and Ekalaka Hills is the impact site.",10,9,NA,NA,5791.4,NA,From Meleagris gallopavo in AvoNet,8,"Temperate grasslands, savannas, and shrublands",-105.998565272602,45.5006621025776,open,7,BSk,"Arid, steppe, cold",Arid,open_Arid
111,184,NA,Thompson1999,PhD Thesis,1993,United States of America,CI,Meleagris_gallopavo_merriami,Meleagris gallopavo merriami,Linear Distance,Straight line distance (km) between winter home range centres and nest site,Straight line distance (km) between winter home range centres and nest site,subadult females,NA,NA,Spring/Winter,Spring/Winter,VHF,Not provided,Not provided,Not provided,Not provided,Wildfire,Summer,"Burned created mosaic of burned and unburned habitat, burn severity light to severe.",20920,1278,"Table 24, pg. 59",10500,18600,2400,5100,7600,2600,SD,"Control treatment partly confounded by logging for fuel reduction (437 ha of 2150 ha control area in the 10 years preceeding the study). Long Pines is the control site, and Ekalaka Hills is the impact site.",15,8,NA,NA,5791.4,NA,From Meleagris gallopavo in AvoNet,8,"Temperate grasslands, savannas, and shrublands",-105.998565272602,45.5006621025776,open,7,BSk,"Arid, steppe, cold",Arid,open_Arid
36,55,10.1644/08-MAMM-A-349.1,Lacki2009,Journal of Mammalogy,2009,United States of America,BA,Myotis_septentrionalis,Myotis septentrionalis,Home range,Home range size,Home range size 95% (estimated using Hawth's Tools v3.27 in ArcGIS),Females,Summer,Spring/Summer,NA,NA,VHF,NA,6.3 days,Not provided,Not provided,Planned,Spring,"Two burn units. Both drip torch ignition, mosaic of burned (ridges and upper slopes) and unburned (lower slopes, drainage lines) area within fire. Flame height 0.2 -2.5 m, generally <1m Pg. 1166.",620,122,"Foraging behaviour section of results, paragraph 1 pg. 1169",72.3,78.5,66.1,60.2,74.3,46.1,SE,"Some temporal confounding, with before tracking occuring largely in June/July 2006, after tracking occurred April-September 2007",9,5,NA,NA,7.5,7.5,,4,Temperate broadleaf and mixed forests,-83.65,37.85,closed,14,Cfa,"Temperate, no dry season, hot summer",Temperate,closed_Temperate
10,16,10.1002/ece3.8221,Kreling2021,Ecology and Evolution,2021,United States of America,BACI,Odocoileus_hemionus_columbianus,Odocoileus hemionus columbianus,Home range,Home range size,"Mean home range size, 95% local convex hull","Adult deer, 16 females",Summer,Summer,Summer,Summer,GPS,15,NA,Not provided,Not provided,Wildfire,Summer,"Mendocino Fire Complex described as a megafire, at the date of publication ""the second largest fire in California history"" burning 1858 km2  pg. 15685.",1380,30,"Section 3.1 of results, paragraph 2  pg. 15688",7,12,2,6,15,-3,SD,"BACI data converted to CI by subtracting before from after, and using SD from the before groups, per Morris 2008. Sample sizes also taken from before for each goup. Data was subset so each individual had same number of fixes before and after fire. Tracking periods before and after ranged from 15 to 25 days.",11,11,NA,NA,54212.6,NA,From Odocoileus hemionus in Phylacine,12,"Mediterranean forests, woodlands, and scrub or sclerophyll forests",-123.06667,39,closed,8,Csa,"Temperate, dry summer, hot summer",Temperate,closed_Temperate
11,17,10.1002/ece3.8221,Kreling2021,Ecology and Evolution,2021,United States of America,CI,Odocoileus_hemionus_columbianus,Odocoileus hemionus columbianus,Linear Distance,Displacement,"Mean displacement during fire event and 3 day period post fire, calculated as follows "" identified the point during the fire and the 3-day post-
fire period that was farthest from the pre-fire LoCoH home range
centroid and calculated the Euclidean distance between points"" pg. 15687","Adult deer, mostly females",Summer,Summer,Summer,Summer,GPS,15,NA,Not provided,Not provided,Wildfire,Summer,"Mendocino Fire Complex described as a megafire, at the date of publication ""the second largest fire in California history"" burning 1858 km2  pg. 15685.",1380,30,"Section 3.1 of results, paragraph 1 pg. 15687-15688",1170,2280,60,250,360,140,SD,Centriod displacement during the passage of fire and three day period post fire. Data was subset so each individual had same number of fixes before and after fire. Tracking periods before and after ranged from 15 to 25 days.,13,5,NA,NA,54212.6,NA,From Odocoileus hemionus in Phylacine,12,"Mediterranean forests, woodlands, and scrub or sclerophyll forests",-123.06667,39,closed,8,Csa,"Temperate, dry summer, hot summer",Temperate,closed_Temperate
12,18,10.1002/ece3.8221,Kreling2021,Ecology and Evolution,2021,United States of America,CI,Odocoileus_hemionus_columbianus,Odocoileus hemionus columbianus,Linear Distance,Home Range Centroid Displacement,"Mean centroid displacement post fire, using home range centroids.",Adult females,Summer,Summer,Summer,Summer,GPS,15,NA,Not provided,Not provided,Wildfire,Summer,"Mendocino Fire Complex described as a megafire, at the date of publication ""the second largest fire in California history"" burning 1858 km2  pg. 15685.",1380,30,"Section 3.1 of results, paragraph 3, pg. 15688",140.32,208.29,72.35,119.22,227.59,10.85,SD,Displacement of two male deer excluded from extraction as they were only within the burned area (ie no control males). Data was subset so each individual had same number of fixes before and after fire. Tracking periods before and after ranged from 15 to 25 days.,11,5,NA,NA,54212.6,NA,From Odocoileus hemionus in Phylacine,12,"Mediterranean forests, woodlands, and scrub or sclerophyll forests",-123.06667,39,closed,8,Csa,"Temperate, dry summer, hot summer",Temperate,closed_Temperate
13,19,10.1002/ece3.8221,Kreling2021,Ecology and Evolution,2021,United States of America,BA,Odocoileus_hemionus_columbianus,Odocoileus hemionus columbianus,Linear Distance,Daily distance moved,Mean dailly distance moved,"Adult females, same cohort before and after",Summer,Summer,Summer,Summer,GPS,15,NA,Not provided,Not provided,Wildfire,Summer,"Mendocino Fire Complex described as a megafire, at the date of publication ""the second largest fire in California history"" burning 1858 km2  pg. 15685.",1380,30,Table 1 pg. 15689,2150,2520,1780,1470,1730,1210,SD,Data was subset so each individual had same number of fixes before and after fire. Tracking periods before and after ranged from 15 to 25 days.,11,11,NA,NA,54212.6,NA,From Odocoileus hemionus in Phylacine,12,"Mediterranean forests, woodlands, and scrub or sclerophyll forests",-123.06667,39,closed,8,Csa,"Temperate, dry summer, hot summer",Temperate,closed_Temperate
14,20,10.1002/ece3.8221,Kreling2021,Ecology and Evolution,2021,United States of America,BA,Odocoileus_hemionus_columbianus,Odocoileus hemionus columbianus,Tortuosity,Straightness Index,"Direction of effect: lower values = greater tortuosity, higher values = less tortusity. Straightness Index from 0 to 1, with 1 perfectly straight","Adult females, same cohort before and after",Summer,Summer,Summer,Summer,GPS,15,NA,Not provided,Not provided,Wildfire,Summer,"Mendocino Fire Complex described as a megafire, at the date of publication ""the second largest fire in California history"" burning 1858 km2  pg. 15685.",1380,30,Table 1 pg. 15689,0.021,0.041,0.001,0.011,0.021,0.001,SD,"May or may not be of value, depends if other authors are using the same straightness index (authors cite Benhamou, 2004). Data was subset so each individual had same number of fixes before and after fire. Tracking periods before and after ranged from 15 to 25 days.",11,11,NA,NA,54212.6,NA,From Odocoileus hemionus in Phylacine,12,"Mediterranean forests, woodlands, and scrub or sclerophyll forests",-123.06667,39,closed,8,Csa,"Temperate, dry summer, hot summer",Temperate,closed_Temperate
15,21,10.1002/ece3.8221,Kreling2021,Ecology and Evolution,2021,United States of America,BA,Odocoileus_hemionus_columbianus,Odocoileus hemionus columbianus,Tortuosity,Turn Angle Correlation,"Direction of effect: lower values = greater tortuosity, higher values = less tortusity. Turn Angle Correlation, where high correlation indicates directed movement and low correlation indicates undirected movement","Adult females, same cohort before and after",Summer,Summer,Summer,Summer,GPS,15,NA,Not provided,Not provided,Wildfire,Summer,"Mendocino Fire Complex described as a megafire, at the date of publication ""the second largest fire in California history"" burning 1858 km2  pg. 15685.",1380,30,Table 1 pg. 15689,0.5202,0.5502,0.4902,0.515,0.535,0.495,SD,"May or may not be of value, depends if other authors are using turn angle correlation as measure of tortuosity. Data was subset so each individual had same number of fixes before and after fire. Tracking periods before and after ranged from 15 to 25 days.",11,11,NA,NA,54212.6,NA,From Odocoileus hemionus in Phylacine,12,"Mediterranean forests, woodlands, and scrub or sclerophyll forests",-123.06667,39,closed,8,Csa,"Temperate, dry summer, hot summer",Temperate,closed_Temperate
16,22,10.1002/ece3.8221,Kreling2021,Ecology and Evolution,2021,United States of America,BA,Odocoileus_hemionus_columbianus,Odocoileus hemionus columbianus,Other space use - Time,"Mean residence time ""number of hours spent inside
a given radius"" pg. 15686",Mean residence time,"Adult females, same cohort before and after",Summer,Summer,Summer,Summer,GPS,15,NA,Not provided,Not provided,Wildfire,Summer,"Mendocino Fire Complex described as a megafire, at the date of publication ""the second largest fire in California history"" burning 1858 km2  pg. 15685.",1380,30,Table 1 pg. 15689,16.8,27.4,6.2,10,14.2,5.8,SD,Data was subset so each individual had same number of fixes before and after fire. Tracking periods before and after ranged from 15 to 25 days.,11,11,NA,NA,54212.6,NA,From Odocoileus hemionus in Phylacine,12,"Mediterranean forests, woodlands, and scrub or sclerophyll forests",-123.06667,39,closed,8,Csa,"Temperate, dry summer, hot summer",Temperate,closed_Temperate
17,24,10.1002/ece3.8221,Kreling2021,Ecology and Evolution,2021,United States of America,BA,Odocoileus_hemionus_columbianus,Odocoileus hemionus columbianus,Other space use - Time,"Mean time to return ""hours an animal spends before returning to
a given radius"" pg. 15686","Mean time to return ""hours an animal spends before returning to
a given radius"" pg. 15687","Adult females, same cohort before and after",Summer,Summer,Summer,Summer,GPS,15,NA,Not provided,Not provided,Wildfire,Summer,"Mendocino Fire Complex described as a megafire, at the date of publication ""the second largest fire in California history"" burning 1858 km2  pg. 15685.",1380,30,Table 1 pg. 15689,55.5,68.2,42.8,64.1,80.2,48,SD,Data was subset so each individual had same number of fixes before and after fire. Tracking periods before and after ranged from 15 to 25 days.,11,11,NA,NA,54212.6,NA,From Odocoileus hemionus in Phylacine,12,"Mediterranean forests, woodlands, and scrub or sclerophyll forests",-123.06667,39,closed,8,Csa,"Temperate, dry summer, hot summer",Temperate,closed_Temperate
37,56,10.1016/j.foreco.2017.11.007,Cherry2018,Forest Ecology and Management,2018,United States of America,BACI,Odocoileus_virginianus,Odocoileus virginianus,Home range,Home range size,Home range size 95% Utilisation Distributions,Males,Spring,Spring,Spring,Spring,GPS,30,30,Not provided,Not provided,Wildfire,Spring,Varied fire severity from incomplete combustion to complete combustion of grasses,14200,30,"Sample size Table 1, pg. 165, Home range Table 3 pg. 166",90,147,33,32,120,-56,SD,"BACI data converted to CI by subtracting before from after, and using SD from the before groups, per Morris 2008. Sample sizes also taken from before for each goup",9,9,NA,NA,55508.6,55508.6,,9,Flooded grasslands and savannas,-81.16666667,26.2,open,2,Am,"Tropical, monsoon",Tropical,open_Tropical
38,57,10.1016/j.foreco.2017.11.007,Cherry2018,Forest Ecology and Management,2018,United States of America,CI,Odocoileus_virginianus,Odocoileus virginianus,Home range,Home range size,Home range size 95% Utilisation Distributions,Males,NA,NA,Spring/Summer,Spring/Summer,GPS,30,30,Not provided,Not provided,Wildfire,Spring,Varied fire severity from incomplete combustion to complete combustion of grasses,14200,30,"Sample size Table 1, pg. 165, Home range Table 3 pg. 166",363,430,296,263,314,212,SE,,9,10,NA,NA,55508.6,55508.6,,9,Flooded grasslands and savannas,-81.16666667,26.2,open,2,Am,"Tropical, monsoon",Tropical,open_Tropical
39,58,10.1016/j.foreco.2017.11.007,Cherry2018,Forest Ecology and Management,2018,United States of America,CI,Odocoileus_virginianus,Odocoileus virginianus,Home range,Home range size,Home range size 95% Utilisation Distributions,Males,NA,NA,Summer,Summer,GPS,30,30,Not provided,Not provided,Wildfire,Spring,Varied fire severity from incomplete combustion to complete combustion of grasses,14200,30,"Sample size Table 1, pg. 165, Home range Table 3 pg. 166",412,454,370,307,357,257,SE,,10,9,NA,NA,55508.6,55508.6,,9,Flooded grasslands and savannas,-81.16666667,26.2,open,2,Am,"Tropical, monsoon",Tropical,open_Tropical
40,59,10.1016/j.foreco.2017.11.007,Cherry2018,Forest Ecology and Management,2018,United States of America,BACI,Odocoileus_virginianus,Odocoileus virginianus,Home range,Home range size,Home range size 95% Utilisation Distributions,Females,Spring,Spring,NA,NA,GPS,30,30,Not provided,Not provided,Wildfire,Spring,Varied fire severity from incomplete combustion to complete combustion of grasses,14200,30,"Sample size Table 1, pg. 165, Home range Table 3 pg. 167",62,103.11,20.89,3,29.53,-23.53,SD,"BACI data converted to CI by subtracting before from after, and using SD from the before groups, per Morris 2008. Sample sizes also taken from before for each goup",10,10,NA,NA,55508.6,55508.6,,9,Flooded grasslands and savannas,-81.16666667,26.2,open,2,Am,"Tropical, monsoon",Tropical,open_Tropical
41,60,10.1016/j.foreco.2017.11.007,Cherry2018,Forest Ecology and Management,2018,United States of America,CI,Odocoileus_virginianus,Odocoileus virginianus,Home range,Home range size,Home range size 95% Utilisation Distributions,Females,NA,NA,Spring/Summer,Spring/Summer,GPS,30,30,Not provided,Not provided,Wildfire,Spring,Varied fire severity from incomplete combustion to complete combustion of grasses,14200,30,"Sample size Table 1, pg. 165, Home range Table 3 pg. 167",123,141,105,73,80,66,SE,,9,40,NA,NA,55508.6,55508.6,,9,Flooded grasslands and savannas,-81.16666667,26.2,open,2,Am,"Tropical, monsoon",Tropical,open_Tropical
42,61,10.1016/j.foreco.2017.11.007,Cherry2018,Forest Ecology and Management,2018,United States of America,CI,Odocoileus_virginianus,Odocoileus virginianus,Home range,Home range size,Home range size 95% Utilisation Distributions,Females,NA,NA,Summer,Summer,GPS,30,30,Not provided,Not provided,Wildfire,Spring,Varied fire severity from incomplete combustion to complete combustion of grasses,14200,30,"Sample size Table 1, pg. 165, Home range Table 3 pg. 167",114,131,97,78,84,72,SE,,8,39,NA,NA,55508.6,55508.6,,9,Flooded grasslands and savannas,-81.16666667,26.2,open,2,Am,"Tropical, monsoon",Tropical,open_Tropical
43,62,10.1016/j.foreco.2017.11.007,Cherry2018,Forest Ecology and Management,2018,United States of America,BACI,Odocoileus_virginianus,Odocoileus virginianus,Linear distance - Speed,Movement rate,Movement rate meters/hour,Males,Spring,Spring,NA,NA,GPS,30,30,Not provided,Not provided,Wildfire,Spring,Varied fire severity from incomplete combustion to complete combustion of grasses,14200,30,"Sample size Table 1 pg. 165, movement rates Figure 4",18.62,38.92,-1.68,6.17,25.47,-13.13,SD,"BACI data converted to CI by subtracting before from after, and using SD from the before groups, per Morris 2008. Sample sizes also taken from before for each goupData extracted from figure 4 using Webplot digitizer.",9,9,NA,NA,55508.6,55508.6,,9,Flooded grasslands and savannas,-81.16666667,26.2,open,2,Am,"Tropical, monsoon",Tropical,open_Tropical
44,63,10.1016/j.foreco.2017.11.007,Cherry2018,Forest Ecology and Management,2018,United States of America,CI,Odocoileus_virginianus,Odocoileus virginianus,Linear distance - Speed,Movement rate,Movement rate meters/hour,Males,NA,NA,Spring/Summer,Spring/Summer,GPS,30,30,Not provided,Not provided,Wildfire,Spring,Varied fire severity from incomplete combustion to complete combustion of grasses,14200,30,"Sample size Table 1 pg. 165, movement rates Figure 4",94.48,100.96,88,65.38,72.55,58.21,SE,Data extracted from figure 4 using Webplot digitizer.,9,10,NA,NA,55508.6,55508.6,,9,Flooded grasslands and savannas,-81.16666667,26.2,open,2,Am,"Tropical, monsoon",Tropical,open_Tropical
45,64,10.1016/j.foreco.2017.11.007,Cherry2018,Forest Ecology and Management,2018,United States of America,CI,Odocoileus_virginianus,Odocoileus virginianus,Linear distance - Speed,Movement rate,Movement rate meters/hour,Males,NA,NA,Summer,Summer,GPS,30,30,Not provided,Not provided,Wildfire,Spring,Varied fire severity from incomplete combustion to complete combustion of grasses,14200,30,"Sample size Table 1 pg. 165, movement rates Figure 4",95.31,102.21,88.41,72,77.52,66.48,SE,Data extracted from figure 4 using Webplot digitizer.,10,9,NA,NA,55508.6,55508.6,,9,Flooded grasslands and savannas,-81.16666667,26.2,open,2,Am,"Tropical, monsoon",Tropical,open_Tropical
46,65,10.1016/j.foreco.2017.11.007,Cherry2018,Forest Ecology and Management,2018,United States of America,BACI,Odocoileus_virginianus,Odocoileus virginianus,Linear distance - Speed,Movement rate,Movement rate meters/hour,Females,Spring,Spring,NA,NA,GPS,30,30,Not provided,Not provided,Wildfire,Spring,Varied fire severity from incomplete combustion to complete combustion of grasses,14200,30,"Sample size Table 1 pg. 165, movement rates Figure 4",19,60.79,-22.79,5.73,29.15,-17.69,SD,"BACI data converted to CI by subtracting before from after, and using SD from the before groups, per Morris 2008. Sample sizes also taken from before for each goup.Data extracted from figure 4 using Webplot digitizer.",44,44,NA,NA,55508.6,55508.6,,9,Flooded grasslands and savannas,-81.16666667,26.2,open,2,Am,"Tropical, monsoon",Tropical,open_Tropical
47,66,10.1016/j.foreco.2017.11.007,Cherry2018,Forest Ecology and Management,2018,United States of America,CI,Odocoileus_virginianus,Odocoileus virginianus,Linear distance - Speed,Movement rate,Movement rate meters/hour,Females,NA,NA,Spring/Summer,Spring/Summer,GPS,30,30,Not provided,Not provided,Wildfire,Spring,Varied fire severity from incomplete combustion to complete combustion of grasses,14200,30,"Sample size Table 1 pg. 165, movement rates Figure 4",79.85,86.82,72.88,49.86,53.11,46.61,SE,Data extracted from figure 4 using Webplot digitizer.,9,40,NA,NA,55508.6,55508.6,,9,Flooded grasslands and savannas,-81.16666667,26.2,open,2,Am,"Tropical, monsoon",Tropical,open_Tropical
48,67,10.1016/j.foreco.2017.11.007,Cherry2018,Forest Ecology and Management,2018,United States of America,CI,Odocoileus_virginianus,Odocoileus virginianus,Linear distance - Speed,Movement rate,Movement rate meters/hour,Females,NA,NA,Summer,Summer,GPS,30,30,Not provided,Not provided,Wildfire,Spring,Varied fire severity from incomplete combustion to complete combustion of grasses,14200,30,"Sample size Table 1 pg. 165, movement rates Figure 4",74.21,81.47,66.95,50.33,54.15,46.51,SE,Data extracted from figure 4 using Webplot digitizer.,8,39,NA,NA,55508.6,55508.6,,9,Flooded grasslands and savannas,-81.16666667,26.2,open,2,Am,"Tropical, monsoon",Tropical,open_Tropical
28,43,10.4996/fireecology.1203080,Clapp2016,Fire Ecology,2016,United States of America,BA,Ovis_canadensis,Ovis canadensis,Other space use - Proportion,Proportion of relocations,Porportion of locations within the burn perimeter,Males and females,Not detailed - assuming all seasons,Not detailed - assuming all seasons,NA,NA,GPS,NA,NA,Not provided,Not provided,Planned,Spring,mosaic burn pattern,1260,821,"Table 3, pg. 90",0.14,0.16,0.12,0.03,0.04,0.02,SE,May be seasonally confounded,11,11,NA,NA,74644.9,74644.9,,6,Boreal forests/taiga,-147.70444444,64.37583333,closed,26,Dfb,"Cold, no dry season, warm summer",Cold,closed_Cold
29,44,10.4996/fireecology.1203080,Clapp2016,Fire Ecology,2016,United States of America,BA,Ovis_canadensis,Ovis canadensis,Other space use - Proportion,Proportion of relocations,Porportion of locations within the burn perimeter,Males and females,Not detailed - assuming all seasons,Not detailed - assuming all seasons,NA,NA,GPS,NA,NA,Not provided,Not provided,Planned,Spring,mosaic burn pattern,1260,821,"Table 3, pg. 91",0.14,0.16,0.12,0.06,0.07,0.05,SE,May be seasonally confounded,10,10,NA,NA,74644.9,74644.9,,6,Boreal forests/taiga,-147.70444444,64.37583333,closed,26,Dfb,"Cold, no dry season, warm summer",Cold,closed_Cold
30,45,10.4996/fireecology.1203080,Clapp2016,Fire Ecology,2016,United States of America,BA,Ovis_canadensis,Ovis canadensis,Other space use - Proportion,Proportion of relocations,Porportion of locations within the burn perimeter,Males and females,Not detailed - assuming all seasons,Not detailed - assuming all seasons,NA,NA,GPS,NA,NA,Not provided,Not provided,Wildfire,Summer,"consumed most of the shrub and grass layer, no mosaic patterning",1260,821,"Table 3, pg. 92",0.23,0.32,0.14,0.24,0.32,0.16,SE,May be seasonally confounded,9,9,NA,NA,74644.9,74644.9,,6,Boreal forests/taiga,-147.70444444,64.37583333,closed,26,Dfb,"Cold, no dry season, warm summer",Cold,closed_Cold
9,15,10.1071/WR12110,Hope2012,Wildlife Research,2012,Australia,BA,Perameles_nasuta,Perameles nasuta,Home range,Home range size,"Mean home range size, 95% fixed kernel density",Adult males and females,Autumn,Winter,NA,NA,VHF,NA,NA,24.3,9,Planned,Autumn,"""Low intensity (typical flame height 0.3-2m)"" pg. 732. Localised flare ups sorching canopy upto 15 m. Patchy, imcomplete combustion of leaf litter ~30% of burn area.",24.6,91,Table 3,7.2,9,5.4,6.4,8.3,4.5,SE,"Mean home range, SEM mean relocations and minimum relocations calculated by reviwer from data in Table 3. Includes home range data from 2 individuals prefire with low number of relocations (authors note data insufficent) and 1 individual post fire also noted as insufficent data.",5,5,NA,NA,975,975,,4,Temperate broadleaf and mixed forests,151.15111,-33.68722,closed,14,Cfa,"Temperate, no dry season, hot summer",Temperate,closed_Temperate
67,113,10.1016/j.cub.2022.08.082,Blakey2022,Current Biology,2022,United States of America,BA,Puma_concolor,Puma concolor,Other space use - Proportion,Mean proportion of locations within the burn perimeter before and after fire,Mean proportion of locations within the burn perimeter before and after fire,"Males and females, adults and subadults",All seasons,All seasons,NA,NA,GPS,NA,NA,Not provided,Not provided,Wildfire,Autumn,Not provided,39234,456,"Table S1, Supplementary Material",0.21,0.29,0.13,0.36,0.46,0.26,SE,"Combined male and female, as well sub adult and adult, as most individuals showed a decrease in proportion used after fire. Although, two females increased post fire.",9,9,NA,NA,51600,51600,,12,"Mediterranean forests, woodlands, and scrub or sclerophyll forests",-118.76666667,34.08333333,closed,9,Csb,"Temperate, dry summer, warm summer",Temperate,closed_Temperate
68,114,10.1016/j.cub.2022.08.082,Blakey2022,Current Biology,2022,United States of America,BA,Puma_concolor,Puma concolor,Home range,Amount of space used,Predicted Amount of space used estimated using adaptive local convex hulls and a linear mixed effects model,Adult males,Summer/Autum,Autumn/Winter,NA,NA,GPS,NA,NA,Not provided,Not provided,Wildfire,Autumn,Not provided,39234,91,"Figure 3E, sample sizes Table s3",18410,22400,14420,20390,25050,15730,CI,"Some temporal confounding. Authors used resampling method  (100 resamples) to assess validity of model and increase sample size robustness, therfore have included for purposes of meta analysis. Means and 95% CI eztracted using web plot digitiser",3,2,NA,NA,51600,51600,,12,"Mediterranean forests, woodlands, and scrub or sclerophyll forests",-118.76666667,34.08333333,closed,9,Csb,"Temperate, dry summer, warm summer",Temperate,closed_Temperate
69,115,10.1016/j.cub.2022.08.082,Blakey2022,Current Biology,2022,United States of America,BA,Puma_concolor,Puma concolor,Home range,Amount of space used,Predicted Amount of space used estimated using adaptive local convex hulls and a linear mixed effects model,subadult males,Summer/Autum,Autumn/Winter,NA,NA,GPS,NA,NA,Not provided,Not provided,Wildfire,Autumn,Not provided,39234,122,"Figure 3E, sample sizes Table s3",16950,22850,11050,14720,18390,11050,CI,"Some temporal confounding. Authors used resampling method  (100 resamples) to assess validity of model and increase sample size robustness, therfore have included for purposes of meta analysis. Means and 95% CI eztracted using web plot digitiser",3,4,NA,NA,51600,51600,,12,"Mediterranean forests, woodlands, and scrub or sclerophyll forests",-118.76666667,34.08333333,closed,9,Csb,"Temperate, dry summer, warm summer",Temperate,closed_Temperate
70,117,10.1016/j.cub.2022.08.082,Blakey2022,Current Biology,2022,United States of America,BA,Puma_concolor,Puma concolor,Home range,Amount of space used,Predicted Amount of space used estimated using adaptive local convex hulls and a linear mixed effects model,subadult females,Summer/Autum,Autumn/Winter,NA,NA,GPS,NA,NA,Not provided,Not provided,Wildfire,Autumn,Not provided,39234,183,"Figure 3E, sample sizes Table s3",9570,14490,3110,7910,15490,3500,CI,"Some temporal confounding. Confidence bars for some female means not centred on mean, CI range extracted instead.  Authors used resampling method  (100 resamples) to assess validity of model and increase sample size robustness, therfore have included for purposes of meta analysis. Means and 95% CI eztracted using web plot digitiser",3,2,NA,NA,51600,51600,,12,"Mediterranean forests, woodlands, and scrub or sclerophyll forests",-118.76666667,34.08333333,closed,9,Csb,"Temperate, dry summer, warm summer",Temperate,closed_Temperate
71,116,10.1016/j.cub.2022.08.082,Blakey2022,Current Biology,2022,United States of America,BA,Puma_concolor,Puma concolor,Home range,Amount of space used,Predicted Amount of space used estimated using adaptive local convex hulls and a linear mixed effects model,Adult females,Summer/Autum,Autumn/Winter,NA,NA,GPS,NA,NA,Not provided,Not provided,Wildfire,Autumn,Not provided,39234,152,"Figure 3E, sample sizes Table s3",7830,11520,4440,6230,10750,30,CI,"Some temporal confounding. Confidence bars for some female means not centred on mean, CI range extracted instead. Authors used resampling method  (100 resamples) to assess validity of model and increase sample size robustness, therfore have included for purposes of meta analysis. Means and 95% CI extracted using web plot digitiser",5,2,NA,NA,51600,51600,,12,"Mediterranean forests, woodlands, and scrub or sclerophyll forests",-118.76666667,34.08333333,closed,9,Csb,"Temperate, dry summer, warm summer",Temperate,closed_Temperate
72,118,10.1016/j.cub.2022.08.082,Blakey2022,Current Biology,2022,United States of America,BA,Puma_concolor,Puma concolor,Linear Distance,"Mean monthly distance travelled, predicted using Mixed effects meta-regression",Mean monthly distance travelled,"Males and females, adults and subadults",Winter,Autumn,NA,NA,GPS,NA,NA,Not provided,Not provided,Wildfire,Autumn,Not provided,39234,304,,349400,397900,300900,254200,302700,254200,CI,Some temporal confounding. Means and 95% CI extracted using web plot digitiser,17,9,NA,NA,51600,51600,,12,"Mediterranean forests, woodlands, and scrub or sclerophyll forests",-118.76666667,34.08333333,closed,9,Csb,"Temperate, dry summer, warm summer",Temperate,closed_Temperate
6,12,10.1139/Z06-186,Dalerum2007,Canadian Journal of Zoology,2007,Canada,BA,Rangifer_tarandus_caribou,Rangifer tarandus caribou,Home range,Home range size,Mean annual home range size 95% fixed kernel,Largely female in Red Earth region,Annual (November - October),Annual (November - October),NA,NA,VHF,NA,NA,24.1,Not provided,Wildfire,Not provided,Not provided,180000,1095,"Figure 2, pg. 29",62709,73463,51955,68156,82402,53910,SE,Data extracted from figure 2 using Webplot digitizer.,62,71,NA,NA,86034,NA,From Rangifer tarandus in Phylacine,6,Boreal forests/taiga,-115.260585554227,56.5877076106664,closed,27,Dfc,"Cold, no dry season, cold summer",Cold,closed_Cold
7,13,10.1139/Z06-186,Dalerum2007,Canadian Journal of Zoology,2007,Canada,BA,Rangifer_tarandus_caribou,Rangifer tarandus caribou,Home range,Home range size,Mean annual home range size 95% fixed kernel,Largely female in Caribou Mountains Region,Not provided,Annual (November - October),NA,NA,VHF,NA,NA,24.6,Not provided,Wildfire,Not provided,Not provived,170000,2190,"Figure 2, pg. 29",142458,166760,106424,140922,176956,104888,SE,Data extracted from figure 2 using Webplot digitizer.,91,15,NA,NA,86034,NA,From Rangifer tarandus in Phylacine,6,Boreal forests/taiga,-114.954928506896,59.3194899211926,closed,27,Dfc,"Cold, no dry season, cold summer",Cold,closed_Cold
8,14,10.1139/Z06-186,Dalerum2007,Canadian Journal of Zoology,2007,Canada,BA,Rangifer_tarandus_caribou,Rangifer tarandus caribou,Home range,Home range size,Mean annual home range size 95% fixed kernel,Largely female in the East Side Athabasca River Region,Annual (November - October),Annual (November - October),NA,NA,VHF,NA,NA,12.6,Not provided,Wildfire,Not provided,Not provided,140000,2190,"Figure 2, pg. 29",29469,36592,22346,26676,33380,19972,SE,Data extracted from figure 2 using Webplot digitizer.,134,72,NA,NA,86034,NA,From Rangifer tarandus in Phylacine,6,Boreal forests/taiga,-112.086063122983,55.554111592245,closed,27,Dfc,"Cold, no dry season, cold summer",Cold,closed_Cold
97,164,NA,Michaud2017,Masters Thesis,2017,United States of America,CI,Regulus_calendula,Regulus calendula,Home range,"Home range size, 90% kernel density","Home range size, 90% kernel density",After second year males,NA,NA,Winter/Spring,Winter/Spring,Visual,NA,NA,Not provided,12,Planned,"Multiple planned burns over past 15 years, with some management units burnt mutiple times.",,663,5475,"Demographics section of Results, pg. 40 paragraph 1",5.43,6.5,4.36,3.22,3.54,2.9,SE,Web plot ditigiser used to extract mean and SEMs.,11,7,NA,6.2,6.2,NA,,5,Temperate coniferous forests,-87.13333333,30.35,closed,14,Cfa,"Temperate, no dry season, hot summer",Temperate,closed_Temperate
98,166,NA,Michaud2017,Masters Thesis,2017,United States of America,CI,Regulus_calendula,Regulus calendula,Other space use - Proportion,Mean proportion of time spent foraging,Mean proportion of time spent foraging,After second year males,NA,NA,Winter/Spring,Winter/Spring,Visual,NA,NA,Not provided,12,Planned,Not provided,Not provided,Not provided,5475,"Demographics section of Results, pg. 40 paragraph 1 and Table 11, pg. 77",0.949,0.9673,0.9307,0.9419,0.9569,0.9269,SD,,11,5,NA,6.2,6.2,NA,,5,Temperate coniferous forests,-87.13333333,30.35,closed,14,Cfa,"Temperate, no dry season, hot summer",Temperate,closed_Temperate
49,68,10.4404/hystrix–11447,Gwinn2016,Hystrix,2016,United States of America,CI,Sciurus_aberti,Sciurus aberti,Home range,Home range size,Home range size 95% fixed kernel,Not provided,NA,NA,Spring/Summer,Spring/Summer,VHF,NA,NA,Not provided,25,Wildfire,Summer,Low to moderate burn severity,Not provided,425,,5.07,6.89,3.25,8.4,11.07,5.73,SE,,6,6,NA,NA,624,624,,3,Tropical and subtropical coniferous forests,-109.867890449592,32.7019121393174,closed,7,BSk,"Arid, steppe, cold",Arid,closed_Arid
65,107,10.1644/10-MAMM-A-133.1,Pasch2011,Journal of Mammalogy,2011,United States of America,CI,Sciurus_nayaritensis,Sciurus nayaritensis,Home range,Core Area,Core area siz,Adults,NA,NA,All seasons,All seasons,VHF,NA,NA,Not provided,30,Planned,Not provided,Mutliple prescribed burns (33) occuring from 1980-2001.,260,8395,"Results section, paragraph 3, pg. 230",2.9,3.9,1.9,6.6,7.8,5.4,SE,,12,8,NA,NA,697,697,,13,Deserts and xeric shrublands,-109.28333333,35.28583333,open,5,BWk,"Arid, desert, cold",Arid,open_Arid
66,108,10.1644/10-MAMM-A-133.1,Pasch2011,Journal of Mammalogy,2011,United States of America,CI,Sciurus_nayaritensis,Sciurus nayaritensis,Linear Distance,Mean daily distance travelled,Mean daily distance travelled,Adults,NA,NA,All seasons,All seasons,VHF,NA,NA,Not provided,30,Planned,Not provided,Mutliple prescribed burns (33) occuring from 1980-2001.,260,8395,"Results section, paragraph 3, pg. 230",212.3,251.1,173.5,335.7,377.5,293.9,SE,,12,8,NA,NA,697,697,,13,Deserts and xeric shrublands,-109.28333333,35.28583333,open,5,BWk,"Arid, desert, cold",Arid,open_Arid
22,31,10.1093/forestscience/56.1.131,Hurteau2010,Forest Science,2010,United States of America,CI,Sialia_mexicana,Sialia mexicana,Home range,Home range size,Home range size 90% fixed kernel,Males,NA,NA,Summer,Summer,VHF,NA,NA,Not provided,30,Planned,Autumn,Not provided,Not provided,1460,"Figure 4, pg. 136",3.27,3.6,2.94,2.26,2.63,1.89,SE,"Sample size assumed as 7 from total sample size of 28 across the four treatment groups. In all other plots, where the sample size is not equal, sample sizes are provided. Means and SE extracted from Figure 4 using Webplot digitiser. SEM calculated by subtracting the mean value extraxted from the plot from the SE +1 value extracted from the plot.",7,7,NA,26.4,26.4,NA,,5,Temperate coniferous forests,-111.74972,35.22306,closed,18,Dsb,"Cold, dry summer, warm summer",Cold,closed_Cold
2,2,10.1644/13-MAMM-A-187,Kelt2014,Journal of Mammalogy,2014,United States of America,BA,Sylvilagus_bachmani,Sylvilagus bachmani,Home range,Home range size,"Mean home range size, estimated using fixed kernel methods.","Males and females, 11 of each",Spring/Summer,Summer/Autumn,NA,NA,VHF,180,NA,Not provided,Unclear,Wildfire,Summer,Not provided,588,90,"Paragraph 2 of results, pg 519",1.92,3.25,0.59,1.49,2.3,0.68,SE,"Authors provide total number of fixes used in home range analysis across all seasons and all individuals, but don't specify for the 90 days pre and post fire. Individual location via estimation via handheld and triangulation",22,22,NA,NA,643.3,643.3,,8,"Temperate grasslands, savannas, and shrublands",-121.21306,37.615,open,7,BSk,"Arid, steppe, cold",Arid,open_Arid
31,47,10.1894/MRD-01.1,Leonard2010,Southwestern Naturalist,2010,United States of America,CI,Tamiasciurus_hudsonicus_grahamensis,Tamiasciurus hudsonicus grahamensis,Home range,Home range size,Home range size 95% fixed kernel,Males and females,NA,NA,Summer/Autumn,Summer/Autumn,VHF,NA,NA,Not provided,Not provided,Both,Summer,"Planned: Low intensity, back burns to fight wildfire. Wildfire: mosaic of unburned, lightly and severly burned",16.4,122,"Table 1, pg. 221",1.48,1.8,1.16,2.01,2.4,1.62,SE,,8,22,NA,NA,201.2,NA,From Tamiasciurus hudsonicus in Phylacine,13,Deserts and xeric shrublands,-110.004801366045,32.7937416092493,open,7,BSk,"Arid, steppe, cold",Arid,open_Arid
32,48,10.1894/MRD-01.1,Leonard2010,Southwestern Naturalist,2010,United States of America,CI,Tamiasciurus_hudsonicus_grahamensis,Tamiasciurus hudsonicus grahamensis,Home range,Home range size,Home range size 95% fixed kernel,Males and females,NA,NA,Spring/Summer,Spring/Summer,VHF,NA,NA,Not provided,Not provided,Both,Summer,"Low intensity, back burns to fight wildfire",16.4,365,"Table 1, pg. 221",0.62,0.87,0.37,3.21,3.76,2.66,SE,,5,15,NA,NA,201.2,NA,From Tamiasciurus hudsonicus in Phylacine,13,Deserts and xeric shrublands,-110.004801366045,32.7937416092493,open,7,BSk,"Arid, steppe, cold",Arid,open_Arid
33,51,10.1894/MRD-01.1,Leonard2010,Southwestern Naturalist,2010,United States of America,BACI,Tamiasciurus_hudsonicus_grahamensis,Tamiasciurus hudsonicus grahamensis,Linear Distance,Distance,Distance (m) between middens and nesta,Males and females,Spring/Summer,Summer,Summer,Summer,VHF,NA,NA,Not provided,Not provided,Both,Summer,"Low intensity, back burns to fight wildfire",16.4,30,"Figure 2, pg. 222",-5.1,24.6,-34.8,12.9,88.57,-62.77,SD,"BACI data converted to CI by subtracting before from after, and using SD from the before groups, per Morris 2008. Sample sizes also taken from before for each goup",8,8,NA,NA,201.2,NA,From Tamiasciurus hudsonicus in Phylacine,13,Deserts and xeric shrublands,-110.004801366045,32.7937416092493,open,7,BSk,"Arid, steppe, cold",Arid,open_Arid
34,52,10.1894/MRD-01.1,Leonard2010,Southwestern Naturalist,2010,United States of America,CI,Tamiasciurus_hudsonicus_grahamensis,Tamiasciurus hudsonicus grahamensis,Linear Distance,Distance,Distance (m) between middens and nesta,Males and females,NA,NA,Autumn,Autumn,VHF,NA,NA,Not provided,Not provided,Both,Summer,"Low intensity, back burns to fight wildfire",16.4,122,"Figure 2, pg. 222",8,10.6,5.4,56.2,68.7,43.7,SE,,5,25,NA,NA,201.2,NA,From Tamiasciurus hudsonicus in Phylacine,13,Deserts and xeric shrublands,-110.004801366045,32.7937416092493,open,7,BSk,"Arid, steppe, cold",Arid,open_Arid
35,53,10.1894/MRD-01.1,Leonard2010,Southwestern Naturalist,2010,United States of America,CI,Tamiasciurus_hudsonicus_grahamensis,Tamiasciurus hudsonicus grahamensis,Linear Distance,Distance,Distance (m) between middens and nesta,Males and females,NA,NA,Summer,Summer,VHF,NA,NA,Not provided,Not provided,Both,Summer,"Low intensity, back burns to fight wildfire",16.4,356,"Figure 2, pg. 222",54.5,84.7,24.3,55.8,66.9,44.7,SE,,5,15,NA,NA,201.2,NA,From Tamiasciurus hudsonicus in Phylacine,13,Deserts and xeric shrublands,-110.004801366045,32.7937416092493,open,7,BSk,"Arid, steppe, cold",Arid,open_Arid
18,25,:10.1111/jzo.12732,Roe2020,Journal of Zoology,2020,United States of America,CI,Terrapene_carolina_carolina,Terrapene carolina,Home range,Home range size,Home range size 95% kernel density,Females,NA,NA,All seasons,All seasons,VHF,365,NA,26,Not provided,Planned,Not provided,"Prescribed fire used since 1974 as management tool. Typically low intensity, mean size 5.2 ha (+- SE 3.2 ha), and mean burn frequency 5.9 years between 2000 to 2016",Not provided,Not provided,Table 1. pg. 75,18.4,21.5,15.3,32.8,41.1,24.5,SE,"Control and impact sites are aproximately 90km apart (euclidean). Impact site (Weymouth Woods) described as xeric uplands  ""forest mosaic of mixed pine and hardwood forests"" (pg. 72). Lumber River (control) ""riverine bottomland swamp forest"" with upland mixed pine and hardwood forests (pg. 72). Mean fixes calculated by reviewers using mean locations per year values provided in Home Range section of results (para 1, pg. 74).",14,14,1093,NA,1093,NA,,5,Temperate coniferous forests,-79.17889,34.77389,closed,14,Cfa,"Temperate, no dry season, hot summer",Temperate,closed_Temperate
19,26,:10.1111/jzo.12732,Roe2020,Journal of Zoology,2020,United States of America,CI,Terrapene_carolina_carolina,Terrapene carolina,Home range,Home range size,Home range size 95% kernel density,Males,NA,NA,All seasons,All seasons,VHF,365,NA,26,Not provided,Planned,Not provided,"Prescribed fire used since 1974 as management tool. Typically low intensity, mean size 5.2 ha (+- SE 3.2 ha), and mean burn frequency 5.9 years between 2000 to 2017",Not provided,Not provided,Table 1. pg. 76,9.9,11.7,8.1,17.2,22.2,12.2,SE,"Control and impact sites are aproximately 90km apart (euclidean). Impact site (Weymouth Woods) described as xeric uplands  ""forest mosaic of mixed pine and hardwood forests"" (pg. 72). Lumber River (control) ""riverine bottomland swamp forest"" with upland mixed pine and hardwood forests (pg. 72).",14,15,1093,NA,1093,NA,,5,Temperate coniferous forests,-79.17889,34.77389,closed,14,Cfa,"Temperate, no dry season, hot summer",Temperate,closed_Temperate
57,87,10.1002/jwmg.21920,Harris2020,Journal of Wildlife Management,2020,United States of America,CI,Terrapene_carolina_carolina,Terrapene carolina carolina,Home range,Home range size,Home range size 95% kernel density,adults,NA,NA,All seasons,All seasons,VHF,NA,NA,Not provided,40,Both,"Spring, Summer & Autumn","17 planned burns, one wildfire. Varing intensity (indicated by pyrometer tile temperature 62C to >184C)",600,730,"Means and SEM Table 3, pg. 1390. Sample size from Spatial Ecology section of results, para 2, pg. 1390",7.1,9.3,4.9,8.9,13.1,4.7,SE,"Animals tracked throughout the year, however tracking frequenct reduced to ~1 location/month December - April. Treatment and control groups spread across three sites which "" varied in predominant vegetation types, topography, management, burn history, and burn regimes."" pg. 1385",34,66,1093,NA,1093,NA,,4,Temperate broadleaf and mixed forests,-84.4,35.8,closed,14,Cfa,"Temperate, no dry season, hot summer",Temperate,closed_Temperate
58,88,10.1002/jwmg.21920,Harris2020,Journal of Wildlife Management,2020,United States of America,BA,Terrapene_carolina_carolina,Terrapene carolina carolina,Home range,Home range size,Home range size 95% kernel density,adults,All seasons,All seasons,NA,NA,VHF,NA,NA,Not provided,40,Both,"Spring, Summer & Autumn","18 planned burns, one wildfire. Varing intensity (indicated by pyrometer tile temperature 62C to >184C)",600,730,"Spatial Ecology section of results, para 2, pg. 1390",4.4,6.1,2.7,5.1,7.1,3.1,SE,"Animals tracked throughout the year, however tracking frequenct reduced to ~1 location/month December - April. Treatment and control groups spread across three sites which "" varied in predominant vegetation types, topography, management, burn history, and burn regimes."" pg. 1385",19,19,1093,NA,1093,NA,,4,Temperate broadleaf and mixed forests,-84.4,35.8,closed,14,Cfa,"Temperate, no dry season, hot summer",Temperate,closed_Temperate
59,89,10.1002/jwmg.21920,Harris2020,Journal of Wildlife Management,2020,United States of America,CI,Terrapene_carolina_carolina,Terrapene carolina carolina,Tortuosity - Opposite Direction,Sinuosity,"Opposite direction of effect to straightness index and tortuosity. Mean sinuosity index, where 1 = straight, <1 = less straight",adults,NA,NA,All seasons,All seasons,VHF,NA,NA,Not provided,40,Both,"Spring, Summer & Autumn","19 planned burns, one wildfire. Varing intensity (indicated by pyrometer tile temperature 62C to >184C)",600,730,"Spatial Ecology section of results, para 2, pg. 1390",0.15,0.17,0.13,0.19,0.21,0.17,SE,"Animals tracked throughout the year, however tracking frequenct reduced to ~1 location/month December - April. Treatment and control groups spread across three sites which "" varied in predominant vegetation types, topography, management, burn history, and burn regimes."" pg. 1385",34,66,1093,NA,1093,NA,,4,Temperate broadleaf and mixed forests,-84.4,35.8,closed,14,Cfa,"Temperate, no dry season, hot summer",Temperate,closed_Temperate
96,154,10.1071/WF15204,Berry2016,International Journal of Wildland Fire,2016,Australia,CI,Trichosurus_cunninghami,Trichosurus cunninghami,Home range,Home range size,"Home range size, measured as 99% isopleth of VHF fixes",Adult males and females,NA,NA,Summer/Autumn,Summer/Autumn,VHF,14,14,Not provided,Not provided,Wildfire,Not provided,"Burned at varing severity, used animals in high severity landscape class for in this comparison. High severity  class had ~7% crown burned, ~50% crown sorched, 9% understorey burn with limited crown scorch and 8% unburned.",74000,1825,"Sample sizes from Appendix 1, Means and CI from Fig. 2, pg. 1295",11.07,26.23,-4.09,29.58,44.77,14.39,CI,Used high severity class for impact group and low severity as the control group (authors present low severity as unburnt in home range analysis),6,6,NA,NA,3270,3270,,4,Temperate broadleaf and mixed forests,145.858569414686,-37.593159972496,closed,15,Cfb,"Temperate, no dry season, warm summer",Temperate,closed_Temperate
60,93,10.1002/ece3.8416,Huysman2021,Ecology and Evolution,2021,United States of America,BA,Tyto_furcata,Tyto furcata,Linear Distance,Distance between centroid and fire scar,Distance between centroid and fire scar,Females,Winter,Winter,NA,NA,GPS,14,NA,851,114,Wildfire,Autumn,Not provided,60000,417,"Results section, para 4, pg. 18221 and 18222",1692,2036,1348,2864,3225,2503,SE,Before and after groups include owls with home ranges unimpacted and impacted by fire. Authors also analysed data of just owls with home ranges impacted by fire (too few repliactes for inclusion) and found little difference B: 1180 m (+-121 m) A: 1051m (+-211 m),15,17,NA,NA,403.3,NA,From Tyto alba in AvoNet,12,"Mediterranean forests, woodlands, and scrub or sclerophyll forests",-122.357905761575,38.4338219777332,closed,8,Csa,"Temperate, dry summer, hot summer",Temperate,closed_Temperate
61,94,10.1002/ece3.8416,Huysman2021,Ecology and Evolution,2021,United States of America,BA,Tyto_furcata,Tyto furcata,Linear Distance,Distance between centroid and fire scar,Distance between centroid and fire scar,Females,Winter,Winter,NA,NA,GPS,14,NA,851,114,Wildfire,Autumn,Not provided,60000,417,"Results section, para 4, pg. 18221 and 18222",619,883,355,223,333,113,SE,Before and after groups include owls with home ranges unimpacted and impacted by fire. Authors also analysed data of just owls with home ranges impacted by fire (too few repliactes for inclusion) and found little difference B: 1180 m (+-121 m) A: 1051m (+-211 m),15,17,NA,NA,403.3,NA,From Tyto alba in AvoNet,12,"Mediterranean forests, woodlands, and scrub or sclerophyll forests",-122.357905761575,38.4338219777332,closed,8,Csa,"Temperate, dry summer, hot summer",Temperate,closed_Temperate
23,33,10.1002/jwmg.22182,Crabb2022,Journal of Wildlife Management,2022,United States of America,BA,Ursus_americanus,Ursus americanus,Home range,Home range size,Home range size autocorrelated kernel density,Males,All seasons,All seasons,NA,NA,GPS,730,NA,465.5,31,Wildfire,Summer,"""Immense size and burn severity"" and  >370 km2 (18% of burn perimeter) high severity burn. 45% low severity, 18% medium severity, and 20% as unburned or low severity  pg. 2 & 5",217000,730,"Final paragraph of results, pg. 12",151000,289800,12200,207600,295400,119900,CI,Mean number of fixes calculated by reviewers by averaging the mean values of fixes for male bears before and after the fire (results section pg. 10),5,21,NA,NA,99949.4,99949.4,,5,Temperate coniferous forests,-109.331211122318,33.8746737258059,closed,18,Dsb,"Cold, dry summer, warm summer",Cold,closed_Cold
83,138,10.2193/0091-7648(2004)032[0928:EOWOBB]2.0.CO;2,Cunningham2004,Wildlife Society Bulletin,2004,United States of America,CI,Ursus_americanus,Ursus americanus,Home range,annual home range size,"Annual home range size, minimum convex polygon",Adult males,NA,NA,All seasons,All seasons,VHF,NA,NA,Not provided,18,Wildfire,Spring,"high vegetation mortality, catastrophic. limited vegetation >40 cm, no leaves on trees and shrubs, charred branches and trunks",23700,60989,"Figure 2, pg. 933 and Fig 3, pg. 934",6590,7929,5251,5164,5776,4552,SD,Data extracted from 1997 home range of Mt Ord (control) and Four Peaks (impact) using web plot digitiser,8,5,NA,NA,99949.4,99949.4,,5,Temperate coniferous forests,-111.378516892211,33.7801908636571,closed,7,BSk,"Arid, steppe, cold",Arid,closed_Arid
112,187,10.1002/jwmg.22182,Crabb2022,Journal of Wildlife Management,2022,United States of America,"Estimated by reviewer, as the approximate mid point of the inset map provided in Figure 1",Ursus_americanus,Ursus americanus,Home range,Home range size,Home range size autocorrelated kernel density,Females,All seasons,All seasons,NA,NA,GPS,1 years,Not provided,508,14,Wildfire,Summer,"""Immense size and burn severity"" and  >370 km2 (18% of burn perimeter) high severity burn. 45% low severity, 18% medium severity, and 20% as unburned or low severity  pg. 2 & 5",217000,730,"Final paragraph of results, pg. 12",18900,0,443000,163700,59700,267600,CI,Mean number of fixes calculated by reviewers by averaging the mean values of fixes for female bears before and after the fire (results section pg. 10),12,17,NA,NA,99949.4,99949.4,,5,Temperate coniferous forests,-109.331211122318,33.8746737258059,closed,18,Dsb,"Cold, dry summer, warm summer",Cold,closed_Cold
